InventoryId,Store,Brand,Description,Size,SalesQuantity,SalesDollars,SalesPrice,SalesDate,Volume,Classification,ExciseTax,VendorNo,VendorName
71_CLARCTON_5381,71,5381,E&J Peach Brandy,50mL,2,1.98,0.99,1/26/2016,50,1,0.1,3252,E & J GALLO WINERY         
1_HARDERSFIELD_10421,1,10421,Barefoot Moscato Cal,1.5L,1,11.99,11.99,2/10/2016,1500,2,0.22,3252,E & J GALLO WINERY         
79_BALLYMENA_3699,79,3699,Chopin Vodka,1.75L,1,39.99,39.99,1/17/2016,1750,1,1.84,6213,MHW LTD                    
71_CLARCTON_8693,71,8693,Ezra Brooks,750mL,1,9.99,9.99,1/5/2016,750,1,0.79,8352,LUXCO INC                  
66_EANVERNESS_2800,66,2800,Laphroaig 15 Yr Single Malt,750mL,2,159.98,79.99,1/17/2016,750,1,1.57,12546,JIM BEAM BRANDS COMPANY    
34_PITMERDEN_25649,34,25649,De Loach Chard Cal,750mL,3,29.97,9.99,1/21/2016,750,2,0.34,4425,MARTIGNETTI COMPANIES
4_EANVERNESS_12771,4,12771,Joel Gott Cab Svgn 815,750mL,2,27.98,13.99,1/30/2016,750,2,0.22,8892,TRINCHERO FAMILY ESTATES   
69_MOUNTMEND_6654,69,6654,Veuve Clicquot Brut Yellow,750mL,1,44.99,44.99,1/25/2016,750,2,0.11,8112,MOET HENNESSY USA INC      
41_LARNWICK_2496,41,2496,Crown Royal Black,1.75L,1,52.99,52.99,1/17/2016,1750,1,1.84,3960,DIAGEO NORTH AMERICA INC   
1_HARDERSFIELD_8670,1,8670,Arrow Coffee Brandy,1.75L,1,11.99,11.99,1/27/2016,1750,1,1.84,8352,LUXCO INC                  
66_EANVERNESS_22447,66,22447,Pizzolato Pnt Grigio,750mL,1,6.99,6.99,1/3/2016,750,2,0.11,9165,ULTRA BEVERAGE COMPANY LLP 
67_EANVERNESS_4198,67,4198,Sailor Jerry Spiced Navy Rum,1.75L,1,24.99,24.99,1/6/2016,1750,1,1.84,3664,WILLIAM GRANT & SONS INC   
76_DONCASTER_6478,76,6478,C Y Toro Frontera Merlot,1.5L,1,8.99,8.99,1/17/2016,1500,2,0.22,516,BANFI PRODUCTS CORP        
66_EANVERNESS_6599,66,6599,Estancia Cab Svgn Paso Roble,750mL,7,90.93,12.99,1/16/2016,750,2,0.79,1392,CONSTELLATION BRANDS INC   
10_HORNSEY_1397,10,1397,Jim Beam Kentucky Fire,750mL,1,14.49,14.49,1/20/2016,750,1,0.79,12546,JIM BEAM BRANDS COMPANY    
69_MOUNTMEND_2648,69,2648,Chivas Regal,375mL,1,17.99,17.99,1/12/2016,375,1,0.39,17035,PERNOD RICARD USA          
16_LUNDY_8691,16,8691,Jose Cuervo Especial,750mL,1,14.99,14.99,2/13/2016,750,1,0.79,7245,PROXIMO SPIRITS INC.       
42_BLACK HOLLOW_29212,42,29212,R Mondavi Merlot Pvt Sel,750mL,1,8.99,8.99,1/5/2016,750,2,0.11,1392,CONSTELLATION BRANDS INC   
50_MOUNTMEND_5316,50,5316,Amaretto DiSaronno,50mL,3,6.87,2.29,1/6/2016,50,1,0.16,2555,DISARONNO INTERNATIONAL LLC
66_EANVERNESS_7224,66,7224,Jagermeister Spice,750mL,2,31.98,15.99,1/29/2016,750,1,1.57,3089,SIDNEY FRANK IMPORTING CO  
73_DONCASTER_7992,73,7992,Patron Anejo Tequila,50mL,1,6.99,6.99,1/14/2016,50,1,0.05,9165,ULTRA BEVERAGE COMPANY LLP 
7_STANMORE_1233,7,1233,Jack Daniels No 7 Black,1.75L,5,179.95,35.99,1/28/2016,1750,1,9.19,1128,BROWN-FORMAN CORP          
59_CLAETHORPES_1886,59,1886,Seagrams 7 Crown,750mL,1,10.99,10.99,1/26/2016,750,1,0.79,3960,DIAGEO NORTH AMERICA INC   
70_KELD_126,70,126,Grey Goose Vodka,Liter,2,59.98,29.99,1/3/2016,1000,1,2.1,480,BACARDI USA INC            
53_HILLFAR_4447,53,4447,Patron XO Cafe Dark Cocoa,750mL,1,26.99,26.99,1/13/2016,750,1,0.79,9165,ULTRA BEVERAGE COMPANY LLP 
60_IRRAGIN_43618,60,43618,Moillard CdR Violettes Rouge,750mL,1,12.99,12.99,1/23/2016,750,2,0.11,10754,PERFECTA WINES             
6_GOULCREST_3804,6,3804,Svedka Vodka,750mL,3,29.97,9.99,1/25/2016,750,1,2.36,1392,CONSTELLATION BRANDS INC   
34_PITMERDEN_3529,34,3529,U V Vodka,1.75L,14,195.86,13.99,1/23/2016,1750,1,25.72,9206,PHILLIPS PRODUCTS CO.      
68_SOLARIS_3919,68,3919,Hornitos Reposado Tequila,375mL,1,11.49,11.49,1/25/2016,375,1,0.39,12546,JIM BEAM BRANDS COMPANY    
17_OLDHAM_2120,17,2120,Canadian Club,1.75L,5,79.95,15.99,1/27/2016,1750,1,9.19,12546,JIM BEAM BRANDS COMPANY    
6_GOULCREST_811,6,811,Jack Daniels No 7 Black,Liter,2,63.98,31.99,1/16/2016,1000,1,2.1,1128,BROWN-FORMAN CORP          
69_MOUNTMEND_11238,69,11238,Willamette Whole Clst Pnt Nr,750mL,1,19.99,19.99,1/16/2016,750,2,0.11,2000,SOUTHERN WINE & SPIRITS NE 
17_OLDHAM_4494,17,4494,Jenkins French Brandy,1.75L,5,84.95,16.99,1/25/2016,1750,1,9.19,9552,M S WALKER INC             
66_EANVERNESS_44186,66,44186,H Brunier Telegramme Pape,750mL,2,89.98,44.99,1/8/2016,750,2,0.22,4425,MARTIGNETTI COMPANIES
13_TARMSWORTH_32831,13,32831,Carpineto Dogajolo Tuscan Rd,750mL,1,9.99,9.99,1/31/2016,750,2,0.11,9165,ULTRA BEVERAGE COMPANY LLP 
21_BALERNO_46762,21,46762,Clayhouse Cab Svgn Paso Rbls,750mL,3,35.97,11.99,1/11/2016,750,2,0.34,4425,MARTIGNETTI COMPANIES
53_HILLFAR_3219,53,3219,Svedka Grapefruit Jalapeno,50mL,1,0.99,0.99,1/25/2016,50,1,0.05,1392,CONSTELLATION BRANDS INC   
71_CLARCTON_4157,71,4157,Smirnoff Green Apple Vodka,50mL,5,4.95,0.99,1/25/2016,50,1,0.26,3960,DIAGEO NORTH AMERICA INC   
49_GARIGILL_5447,49,5447,Jagermeister Liqueur,375mL,2,19.98,9.99,1/13/2016,375,1,0.79,3089,SIDNEY FRANK IMPORTING CO  
3_HORNSEY_34428,3,34428,Frei Bros RSV Chard RRV,750mL,2,33.98,16.99,1/29/2016,750,2,0.22,3252,E & J GALLO WINERY         
15_WANBORNE_38131,15,38131,Principato Pnt Gr Sicilia,1.5L,2,19.98,9.99,1/22/2016,1500,2,0.45,6785,PALM BAY INTERNATIONAL INC 
56_BEGGAR'S HOLE_6479,56,6479,Clos du Bois Chard,750mL,1,9.99,9.99,1/13/2016,750,2,0.11,1392,CONSTELLATION BRANDS INC   
57_LANTEGLOS_5760,57,5760,Grand Marnier Rasp-Peach,50mL,2,3.98,1.99,1/3/2016,50,1,0.1,8112,MOET HENNESSY USA INC      
64_CESTERFIELD_31487,64,31487,Barefoot Bubbly Brut Cve,750mL,4,39.96,9.99,1/6/2016,750,2,0.45,3252,E & J GALLO WINERY         
58_HARTLEPOOL_5491,58,5491,Rumpleminze,50mL,7,13.93,1.99,1/23/2016,50,1,0.37,3960,DIAGEO NORTH AMERICA INC   
41_LARNWICK_5315,41,5315,B & B Liqueur Dom,750mL,1,24.99,24.99,1/12/2016,750,1,0.79,480,BACARDI USA INC            
68_SOLARIS_28889,68,28889,Peter Vella Chard Cal B/B,5L,2,30.98,15.49,1/12/2016,5000,2,1.5,3252,E & J GALLO WINERY         
73_DONCASTER_3928,73,3928,Barcraft Watermelon Fresca V,750mL,1,11.99,11.99,1/24/2016,750,1,0.79,11567,CAMPARI AMERICA            
76_DONCASTER_3913,76,3913,Svedka Vodka,1.75L,17,305.83,17.99,1/3/2016,1750,1,31.24,1392,CONSTELLATION BRANDS INC   
40_BULLMAR_32592,40,32592,Mionetto Frizzante Prosecco,750mL,1,18.99,18.99,1/21/2016,750,2,0.11,9552,M S WALKER INC             
2_ASHBORNE_33348,2,33348,Greg Norman Limestone Shiraz,750mL,5,54.95,10.99,1/2/2016,750,2,0.56,9819,TREASURY WINE ESTATES      
23_ARBINGTON_18950,23,18950,Schug Pnt Nr Carneros,750mL,6,107.94,17.99,1/23/2016,750,2,0.68,4425,MARTIGNETTI COMPANIES
4_EANVERNESS_16794,4,16794,Freakshow Cab Svgn,750mL,2,37.98,18.99,1/21/2016,750,2,0.22,4425,MARTIGNETTI COMPANIES
69_MOUNTMEND_3183,69,3183,Jose Cuervo Tradicional Slvr,750mL,1,19.99,19.99,1/9/2016,750,1,0.79,7245,PROXIMO SPIRITS INC.       
34_PITMERDEN_4664,34,4664,Hennessy Black Cognac,750mL,1,34.99,34.99,1/2/2016,750,1,0.79,8112,MOET HENNESSY USA INC      
17_OLDHAM_6499,17,6499,Kinky Liqueur,750mL,1,16.99,16.99,1/2/2016,750,1,0.79,7153,PINE STATE TRADING CO      
6_GOULCREST_3216,6,3216,Fleischmanns X Dry Gin,1.75L,1,9.99,9.99,1/3/2016,1750,1,1.84,660,SAZERAC NORTH AMERICA INC. 
21_BALERNO_33055,21,33055,Cape Indaba Svgn Bl S Africa,750mL,1,8.99,8.99,1/10/2016,750,2,0.11,9552,M S WALKER INC             
38_GOULCREST_15205,38,15205,Beringer Cab Svgn Napa Vly,750mL,2,69.98,34.99,1/30/2016,750,2,0.22,9819,TREASURY WINE ESTATES      
20_BREDWARDINE_7254,20,7254,Cribari Marsala,750mL,1,7.99,7.99,1/8/2016,750,2,0.11,1392,CONSTELLATION BRANDS INC   
73_DONCASTER_6432,73,6432,Shady Fruit Real Ruby Red Gr,50mL,9,8.91,0.99,1/30/2016,50,2,0.07,3960,DIAGEO NORTH AMERICA INC   
1_HARDERSFIELD_6173,1,6173,Gallo Fairbanks Red Port,1.5L,3,23.97,7.99,2/11/2016,1500,2,0.68,3252,E & J GALLO WINERY         
38_GOULCREST_5042,38,5042,Tequila Rose Liqueur,750mL,1,13.99,13.99,1/14/2016,750,1,0.79,5992,MCCORMICK DISTILLING CO    
66_EANVERNESS_31203,66,31203,Beringer Fndrs Est Merlot,750mL,1,11.99,11.99,1/29/2016,750,2,0.11,9819,TREASURY WINE ESTATES      
4_EANVERNESS_27644,4,27644,Cline Znfdl Cal,750mL,2,19.98,9.99,1/13/2016,750,2,0.22,4425,MARTIGNETTI COMPANIES
15_WANBORNE_19895,15,19895,Skeleton Malbec,Liter,1,10.99,10.99,2/16/2016,1000,2,0.15,9165,ULTRA BEVERAGE COMPANY LLP 
30_CULCHETH_26399,30,26399,Trapiche Malbec Mendoza Oak,750mL,2,15.98,7.99,1/23/2016,750,2,0.22,9815,WINE GROUP INC             
73_DONCASTER_10298,73,10298,Alamos Torrontes,750mL,1,9.99,9.99,1/30/2016,750,2,0.11,3252,E & J GALLO WINERY         
53_HILLFAR_8339,53,8339,The Glenlivet 12 Yr Single,750mL,1,42.99,42.99,1/24/2016,750,1,0.79,17035,PERNOD RICARD USA          
50_MOUNTMEND_6296,50,6296,Taylor Sherry,1.5L,2,15.58,7.79,1/29/2016,1500,2,0.45,1392,CONSTELLATION BRANDS INC   
22_SHARNWICK_16816,22,16816,H3 Horse Heaven Hills Merlot,750mL,3,35.97,11.99,1/5/2016,750,2,0.34,8673,STE MICHELLE WINE ESTATES  
10_HORNSEY_4634,10,4634,Gold Crown Wh Rum,1.75L,1,12.99,12.99,1/28/2016,1750,1,1.84,9552,M S WALKER INC             
67_EANVERNESS_4385,67,4385,Parrot Bay 90 Coconut Capt,1.75L,1,24.99,24.99,1/24/2016,1750,1,1.84,3960,DIAGEO NORTH AMERICA INC   
18_FURNESS_18002,18,18002,Vendange Sweet Red,1.5L,1,6.99,6.99,1/31/2016,1500,2,0.22,1392,CONSTELLATION BRANDS INC   
30_CULCHETH_4152,30,4152,Jenkins Rum,750mL,1,5.99,5.99,1/18/2016,750,1,0.79,9552,M S WALKER INC             
23_ARBINGTON_7345,23,7345,M & R Asti,750mL,2,19.98,9.99,1/27/2016,750,2,0.22,480,BACARDI USA INC            
39_EASTHALLOW_3606,39,3606,Smirnoff Raspberry Vodka,50mL,6,5.94,0.99,1/8/2016,50,1,0.32,3960,DIAGEO NORTH AMERICA INC   
54_GUTHRAM_18568,54,18568,A by Acacia Unoaked Chard Ca,750mL,1,9.99,9.99,1/9/2016,750,2,0.11,1590,DIAGEO CHATEAU ESTATE WINES
73_DONCASTER_5142,73,5142,Carolans Irish Cream,1.75L,1,22.99,22.99,1/11/2016,1750,1,1.84,11567,CAMPARI AMERICA            
73_DONCASTER_4261,73,4261,Capt Morgan Spiced Rum,1.75L,28,615.72,21.99,1/24/2016,1750,1,51.45,3960,DIAGEO NORTH AMERICA INC   
5_SUTTON_11440,5,11440,Peter Vella Sangria B/B,5L,2,29.98,14.99,1/17/2016,5000,2,1.5,3252,E & J GALLO WINERY         
15_WANBORNE_3615,15,3615,Bacardi Anejo Mexican Rum,750mL,1,13.99,13.99,2/1/2016,750,1,0.79,480,BACARDI USA INC            
71_CLARCTON_10727,71,10727,Starborough Svgn Bl Marlboro,750mL,1,9.99,9.99,1/10/2016,750,2,0.11,3252,E & J GALLO WINERY         
69_MOUNTMEND_5142,69,5142,Carolans Irish Cream,1.75L,1,22.99,22.99,1/22/2016,1750,1,1.84,11567,CAMPARI AMERICA            
70_KELD_3724,70,3724,Absolut Citron,750mL,1,17.99,17.99,1/9/2016,750,1,0.79,17035,PERNOD RICARD USA          
66_EANVERNESS_18971,66,18971,Tenuta Guado Al Tasso Bructo,750mL,1,26.99,26.99,1/29/2016,750,2,0.11,8673,STE MICHELLE WINE ESTATES  
33_HORNSEY_23397,33,23397,Secoli 13 Prosecco Valdobbia,750mL,1,11.99,11.99,1/24/2016,750,2,0.11,9552,M S WALKER INC             
23_ARBINGTON_21319,23,21319,Wlm Hill Est No Cst Svgn Bl,750mL,1,12.99,12.99,1/6/2016,750,2,0.11,3252,E & J GALLO WINERY         
41_LARNWICK_2926,41,2926,Teachers Highland Cream,1.75L,1,27.99,27.99,1/15/2016,1750,1,1.84,12546,JIM BEAM BRANDS COMPANY    
68_SOLARIS_3879,68,3879,Smirnoff 80 Proof Traveler,750mL,4,51.96,12.99,1/23/2016,750,1,3.15,3960,DIAGEO NORTH AMERICA INC   
31_HORNSEY_5103,31,5103,Fireball Cinnamon Whisky,1.75L,2,57.98,28.99,1/20/2016,1750,1,3.67,8004,SAZERAC CO INC             
73_DONCASTER_3913,73,3913,Svedka Vodka,1.75L,8,143.92,17.99,1/10/2016,1750,1,14.7,1392,CONSTELLATION BRANDS INC   
19_WINTERVALE_3154,19,3154,New Amsterdam Peach Vodka,750mL,1,9.99,9.99,1/18/2016,750,1,0.79,3252,E & J GALLO WINERY         
36_LEWES_966,36,966,Patron Citronge Orange Liqu,750mL,1,22.99,22.99,1/18/2016,750,1,0.79,9165,ULTRA BEVERAGE COMPANY LLP 
76_DONCASTER_3747,76,3747,Gordons Vodka Traveler,750mL,1,6.99,6.99,1/5/2016,750,1,0.79,3960,DIAGEO NORTH AMERICA INC   
31_HORNSEY_1892,31,1892,Yukon Jack,50mL,34,33.66,0.99,1/9/2016,50,1,1.78,3960,DIAGEO NORTH AMERICA INC   
49_GARIGILL_4297,49,4297,Ronrico Silver Traveler,750mL,1,7.99,7.99,1/2/2016,750,1,0.79,12546,JIM BEAM BRANDS COMPANY    
34_PITMERDEN_19039,34,19039,The Path Pnt Nr,750mL,1,9.99,9.99,1/30/2016,750,2,0.11,90047,CRUSH WINES                
17_OLDHAM_27461,17,27461,Ecco Domani Pnt Grigio Venez,750mL,1,9.99,9.99,1/28/2016,750,2,0.11,3252,E & J GALLO WINERY         
48_NORFOLK_22143,48,22143,Simi Cab Svgn,750mL,2,31.98,15.99,1/10/2016,750,2,0.22,1392,CONSTELLATION BRANDS INC   
34_PITMERDEN_5656,34,5656,Cabin Fever Maple Liqueur,50mL,1,1.49,1.49,1/17/2016,50,1,0.05,3960,DIAGEO NORTH AMERICA INC   
9_BLACKPOOL_28775,9,28775,C K Mondavi Merlot,1.5L,1,10.99,10.99,1/17/2016,1500,2,0.22,2000,SOUTHERN WINE & SPIRITS NE 
67_EANVERNESS_3089,67,3089,Evan Williams Honey Reserve,750mL,1,9.99,9.99,1/25/2016,750,1,0.79,3924,HEAVEN HILL DISTILLERIES   
77_TAMWORTH_4724,77,4724,Patron Citronge Lime Liqueur,750mL,1,20.99,20.99,1/1/2016,750,1,0.79,9165,ULTRA BEVERAGE COMPANY LLP 
11_CARDEND_24875,11,24875,Glen Ellen Merlot RSV,1.5L,2,13.98,6.99,2/29/2016,1500,2,0.45,9815,WINE GROUP INC             
7_STANMORE_2214,7,2214,James E Pepper Bourbon,750mL,1,33.99,33.99,1/30/2016,750,1,0.79,9552,M S WALKER INC             
30_CULCHETH_3876,30,3876,Smirnoff 80 Proof,1.75L,8,151.92,18.99,1/4/2016,1750,1,14.7,3960,DIAGEO NORTH AMERICA INC   
76_DONCASTER_2756,76,2756,Jameson Caskmates,750mL,1,29.99,29.99,1/20/2016,750,1,0.79,17035,PERNOD RICARD USA          
4_EANVERNESS_4787,4,4787,Appleton Special Gold Rum,1.75L,1,22.99,22.99,1/15/2016,1750,1,1.84,11567,CAMPARI AMERICA            
41_LARNWICK_5708,41,5708,Dr McGillicuddy's Root Beer,50mL,5,4.95,0.99,1/29/2016,50,1,0.26,8004,SAZERAC CO INC             
49_GARIGILL_24829,49,24829,Cecchi Chianti Classico,750mL,4,43.96,10.99,1/27/2016,750,2,0.45,9165,ULTRA BEVERAGE COMPANY LLP 
73_DONCASTER_6647,73,6647,Estancia Chard,750mL,2,19.98,9.99,1/22/2016,750,2,0.22,1392,CONSTELLATION BRANDS INC   
34_PITMERDEN_5111,34,5111,Dr McGillicuddy's Mentholmnt,50mL,21,20.79,0.99,1/7/2016,50,1,1.1,8004,SAZERAC CO INC             
67_EANVERNESS_27591,67,27591,Righetti Amarone Valpo Clsc,750mL,1,31.99,31.99,1/17/2016,750,2,0.11,9165,ULTRA BEVERAGE COMPANY LLP 
32_MOUNTMEND_5111,32,5111,Dr McGillicuddy's Mentholmnt,50mL,17,16.83,0.99,1/8/2016,50,1,0.89,8004,SAZERAC CO INC             
59_CLAETHORPES_28147,59,28147,Kris Pnt Grigio Alto Adige,750mL,2,25.98,12.99,1/8/2016,750,2,0.22,2000,SOUTHERN WINE & SPIRITS NE 
64_CESTERFIELD_1748,64,1748,William Grant Scotch,750mL,1,15.99,15.99,1/9/2016,750,1,0.79,3664,WILLIAM GRANT & SONS INC   
74_PAENTMARWY_23095,74,23095,Glen Ellen Cab Svgn RSV,1.5L,12,83.88,6.99,1/3/2016,1500,2,2.7,9815,WINE GROUP INC             
17_OLDHAM_34903,17,34903,Smoking Loon Cab Svgn,750mL,2,13.58,6.79,2/29/2016,750,2,0.22,9552,M S WALKER INC             
60_IRRAGIN_34439,60,34439,Toad Hollow Mendocino Chard,750mL,6,83.94,13.99,1/21/2016,750,2,0.68,9552,M S WALKER INC             
61_AETHELNEY_6269,61,6269,Sutter Home Cab Svgn,1.5L,1,7.95,7.95,1/22/2016,1500,2,0.22,8892,TRINCHERO FAMILY ESTATES   
15_WANBORNE_3800,15,3800,Don Julio Anejo Tequila,750mL,1,55.99,55.99,2/15/2016,750,1,0.79,3960,DIAGEO NORTH AMERICA INC   
23_ARBINGTON_38652,23,38652,Carpineto Chianti Clsc RSV,750mL,2,39.58,19.79,1/23/2016,750,2,0.22,9165,ULTRA BEVERAGE COMPANY LLP 
25_CAERSHIRE_3405,25,3405,Tito's Handmade Vodka,1.75L,3,89.97,29.99,1/12/2016,1750,1,5.51,4425,MARTIGNETTI COMPANIES
60_IRRAGIN_3233,60,3233,Belvedere Wild Berry,750mL,1,26.99,26.99,1/24/2016,750,1,0.79,8112,MOET HENNESSY USA INC      
8_ALNERWICK_3326,8,3326,Jenkins Gin,1.75L,1,9.99,9.99,1/8/2016,1750,1,1.84,9552,M S WALKER INC             
42_BLACK HOLLOW_8111,42,8111,Smirnoff 80 Proof,50mL,17,16.83,0.99,1/19/2016,50,1,0.89,3960,DIAGEO NORTH AMERICA INC   
7_STANMORE_3835,7,3835,Smirnoff Raspberry Vodka,750mL,2,21.98,10.99,1/16/2016,750,1,1.57,3960,DIAGEO NORTH AMERICA INC   
54_GUTHRAM_3919,54,3919,Hornitos Reposado Tequila,375mL,1,12.99,12.99,1/2/2016,375,1,0.39,12546,JIM BEAM BRANDS COMPANY    
77_TAMWORTH_5765,77,5765,Jose Cuervo Lime Margarita,1.75L,2,27.98,13.99,1/28/2016,1750,1,3.67,7245,PROXIMO SPIRITS INC.       
38_GOULCREST_3802,38,3802,Three Olives Vodka,1.75L,16,287.84,17.99,1/12/2016,1750,1,29.4,7245,PROXIMO SPIRITS INC.       
20_BREDWARDINE_4265,20,4265,Capt Morgan Spiced Rum,375mL,2,21.98,10.99,1/16/2016,375,1,0.79,3960,DIAGEO NORTH AMERICA INC   
76_DONCASTER_14240,76,14240,Ninety+Cellars Lot 2 Svgn Bl,750mL,7,62.93,8.99,1/29/2016,750,2,0.79,4950,LATITUDE BEVERAGE COMPANY  
13_TARMSWORTH_3656,13,3656,Stolichnaya Vanil,1.75L,1,25.99,25.99,2/16/2016,1750,1,1.84,8664,"STOLI GROUP,(USA) LLC      "
12_LEESIDE_39356,12,39356,Bota Box Chard Cal,3L,1,21.99,21.99,1/16/2016,3000,2,0.45,2242,DELICATO VINEYARDS INC     
2_ASHBORNE_1384,2,1384,Bulleit 95 Rye,750mL,25,649.75,25.99,1/17/2016,750,1,19.69,3960,DIAGEO NORTH AMERICA INC   
15_WANBORNE_3183,15,3183,Jose Cuervo Tradicional Slvr,750mL,3,59.97,19.99,1/16/2016,750,1,2.36,7245,PROXIMO SPIRITS INC.       
17_OLDHAM_3894,17,3894,Zhenka Vodka 100 Proof,1.75L,1,13.49,13.49,2/16/2016,1750,1,1.84,9552,M S WALKER INC             
10_HORNSEY_3618,10,3618,Pinnacle Mimosa Vodka,750mL,1,9.99,9.99,1/22/2016,750,1,0.79,12546,JIM BEAM BRANDS COMPANY    
51_ABERDEEN_1848,51,1848,Oban Little Bay Single Malt,750mL,1,62.99,62.99,1/8/2016,750,1,0.79,3960,DIAGEO NORTH AMERICA INC   
72_HARDERSFIELD_2426,72,2426,The Glenlivet 15Yr FrenchOak,750mL,2,109.98,54.99,1/15/2016,750,1,1.57,17035,PERNOD RICARD USA          
10_HORNSEY_33682,10,33682,R Mondavi Pvt Slctn Cab Sv,1.5L,1,17.99,17.99,2/4/2016,1500,2,0.22,1392,CONSTELLATION BRANDS INC   
49_GARIGILL_36750,49,36750,Big House Cardinal Bst Znfdl,750mL,1,6.99,6.99,1/22/2016,750,2,0.11,9815,WINE GROUP INC             
18_FURNESS_482,18,482,Absolut 80 Proof,Liter,1,21.99,21.99,2/6/2016,1000,1,1.05,17035,PERNOD RICARD USA          
15_WANBORNE_8689,15,8689,Paul Masson Rose,3L,1,9.99,9.99,1/27/2016,3000,2,0.45,1392,CONSTELLATION BRANDS INC   
56_BEGGAR'S HOLE_8018,56,8018,La Vieille Ferme Red Ventoux,750mL,2,17.98,8.99,1/30/2016,750,2,0.22,1587,VINEYARD BRANDS INC        
20_BREDWARDINE_34133,20,34133,Turning Leaf RSV Cab Svgn,1.5L,3,26.97,8.99,1/22/2016,1500,2,0.68,3252,E & J GALLO WINERY         
16_LUNDY_3243,16,3243,Burnetts Vodka,1.75L,7,73.43,10.49,2/7/2016,1750,1,12.86,3924,HEAVEN HILL DISTILLERIES   
50_MOUNTMEND_5356,50,5356,Kahlua,375mL,1,9.99,9.99,1/26/2016,375,1,0.39,17035,PERNOD RICARD USA          
33_HORNSEY_5953,33,5953,Barrow's Intense Ginger,375mL,1,19.99,19.99,1/14/2016,375,1,0.39,98450,Serralles Usa LLC          
38_GOULCREST_33578,38,33578,Tommasi Pinot Grigio Le Ros,750mL,1,14.99,14.99,1/4/2016,750,2,0.11,4425,MARTIGNETTI COMPANIES
30_CULCHETH_4194,30,4194,Calico Jack Coconut Rum,1.75L,2,25.98,12.99,1/20/2016,1750,1,3.67,12546,JIM BEAM BRANDS COMPANY    
1_HARDERSFIELD_18152,1,18152,Banfi Centine Mntcln Tscna,750mL,1,7.99,7.99,1/16/2016,750,2,0.11,516,BANFI PRODUCTS CORP        
78_EASTHAVEN_5254,78,5254,DeKuyper Buttershots Schnpps,750mL,1,9.99,9.99,1/23/2016,750,1,0.79,12546,JIM BEAM BRANDS COMPANY    
73_DONCASTER_15979,73,15979,Moonlight Meadery Wild,375mL,1,12.99,12.99,1/26/2016,375,2,0.06,6215,MOONLIGHT MEADERY          
74_PAENTMARWY_3038,74,3038,Zhenka Raspberry Vodka,1.75L,2,21.98,10.99,1/9/2016,1750,1,3.67,9552,M S WALKER INC             
27_MOUNTMEND_3779,27,3779,Three Olives Cherry Vodka,750mL,3,38.97,12.99,1/5/2016,750,1,2.36,7245,PROXIMO SPIRITS INC.       
32_MOUNTMEND_6249,32,6249,Rodney Strong Chard,750mL,2,25.98,12.99,1/28/2016,750,2,0.22,4425,MARTIGNETTI COMPANIES
33_HORNSEY_14930,33,14930,Yellow Tail Moscato,1.5L,2,29.98,14.99,1/9/2016,1500,2,0.45,4425,MARTIGNETTI COMPANIES
49_GARIGILL_3329,49,3329,Seagrams Extra Smooth Vodka,1.75L,1,17.99,17.99,1/16/2016,1750,1,1.84,9165,ULTRA BEVERAGE COMPANY LLP 
6_GOULCREST_3316,6,3316,Ciroc Peach Vodka,375mL,1,11.99,11.99,1/30/2016,375,1,0.39,3960,DIAGEO NORTH AMERICA INC   
66_EANVERNESS_27813,66,27813,Warre's Warrior Port,750mL,1,13.99,13.99,1/24/2016,750,2,0.11,1587,VINEYARD BRANDS INC        
64_CESTERFIELD_22447,64,22447,Pizzolato Pnt Grigio,750mL,3,20.97,6.99,1/3/2016,750,2,0.34,9165,ULTRA BEVERAGE COMPANY LLP 
38_GOULCREST_5333,38,5333,Jenkins Amaretto,1.75L,3,32.97,10.99,1/3/2016,1750,1,5.51,9552,M S WALKER INC             
54_GUTHRAM_14930,54,14930,Yellow Tail Moscato,1.5L,1,14.99,14.99,1/16/2016,1500,2,0.22,4425,MARTIGNETTI COMPANIES
75_BARNCOMBE_16806,75,16806,Apothic Winemakers White,750mL,1,9.99,9.99,1/17/2016,750,2,0.11,3252,E & J GALLO WINERY         
15_WANBORNE_3423,15,3423,Beefeater,1.75L,2,53.98,26.99,1/10/2016,1750,1,3.67,17035,PERNOD RICARD USA          
14_BROMWICH_5713,14,5713,DeKuyper Sour Apple Pucker,1.75L,1,14.99,14.99,2/29/2016,1750,1,1.84,12546,JIM BEAM BRANDS COMPANY    
38_GOULCREST_16260,38,16260,The Dreaming Tree Cab Svgn,750mL,1,14.99,14.99,1/22/2016,750,2,0.11,1392,CONSTELLATION BRANDS INC   
11_CARDEND_31524,11,31524,Rosemount Pnt Nr Ausl,750mL,1,8.99,8.99,1/2/2016,750,2,0.11,4425,MARTIGNETTI COMPANIES
42_BLACK HOLLOW_5365,42,5365,Kahlua,750mL,1,19.99,19.99,1/24/2016,750,1,0.79,17035,PERNOD RICARD USA          
55_DRY GULCH_3040,55,3040,Tito's Handmade Vodka,Liter,1,23.99,23.99,1/14/2016,1000,1,1.05,4425,MARTIGNETTI COMPANIES
30_CULCHETH_5342,30,5342,Grand Marnier,750mL,1,28.99,28.99,1/31/2016,750,1,0.79,8112,MOET HENNESSY USA INC      
20_BREDWARDINE_8170,20,8170,Courvoisier VS Cognac,50mL,1,2.99,2.99,1/29/2016,50,1,0.05,12546,JIM BEAM BRANDS COMPANY    
67_EANVERNESS_4157,67,4157,Smirnoff Green Apple Vodka,50mL,3,2.97,0.99,1/17/2016,50,1,0.16,3960,DIAGEO NORTH AMERICA INC   
14_BROMWICH_3701,14,3701,UV Sangria Vodka,50mL,1,0.99,0.99,2/1/2016,50,1,0.05,9206,PHILLIPS PRODUCTS CO.      
10_HORNSEY_168,10,168,Three Olives Strawberry,750mL,1,11.99,11.99,2/16/2016,750,1,0.79,7245,PROXIMO SPIRITS INC.       
69_MOUNTMEND_3503,69,3503,Smirnoff Sorbet Rasp/Pomegra,750mL,6,65.94,10.99,1/23/2016,750,1,4.72,3960,DIAGEO NORTH AMERICA INC   
39_EASTHALLOW_14006,39,14006,Apothic Winemakers Red Blend,750mL,1,9.99,9.99,1/17/2016,750,2,0.11,3252,E & J GALLO WINERY         
50_MOUNTMEND_4938,50,4938,Kapali Coffee,750mL,1,8.99,8.99,1/22/2016,750,1,0.79,8004,SAZERAC CO INC             
52_GRAYCOTT_2704,52,2704,Serpent's Bite Cider Whiskey,50mL,2,1.98,0.99,1/13/2016,50,1,0.1,1392,CONSTELLATION BRANDS INC   
36_LEWES_5491,36,5491,Rumpleminze,50mL,1,1.99,1.99,1/11/2016,50,1,0.05,3960,DIAGEO NORTH AMERICA INC   
40_BULLMAR_4262,40,4262,Capt Morgan Spiced Rum,750mL,1,14.99,14.99,1/30/2016,750,1,0.79,3960,DIAGEO NORTH AMERICA INC   
61_AETHELNEY_5457,61,5457,After Shock Hot & Cool Cinmn,50mL,2,3.98,1.99,1/19/2016,50,1,0.1,12546,JIM BEAM BRANDS COMPANY    
1_HARDERSFIELD_4280,1,4280,Capt Morgan Parrot Bay Coco,1.75L,1,23.99,23.99,2/19/2016,1750,1,1.84,3960,DIAGEO NORTH AMERICA INC   
30_CULCHETH_26428,30,26428,Latour Macon Village Chamery,750mL,3,41.97,13.99,1/27/2016,750,2,0.34,9552,M S WALKER INC             
24_PALPERROTH_4303,24,4303,Calico Jack Spiced Rum,750mL,2,15.98,7.99,1/9/2016,750,1,1.57,12546,JIM BEAM BRANDS COMPANY    
68_SOLARIS_37049,68,37049,Argyle Willamette Pnt Nr,750mL,1,19.99,19.99,1/2/2016,750,2,0.11,4425,MARTIGNETTI COMPANIES
59_CLAETHORPES_1892,59,1892,Yukon Jack,50mL,21,20.79,0.99,1/28/2016,50,1,1.1,3960,DIAGEO NORTH AMERICA INC   
15_WANBORNE_3268,15,3268,Pinnacle CranApple Vodka,750mL,1,9.99,9.99,2/16/2016,750,1,0.79,12546,JIM BEAM BRANDS COMPANY    
34_PITMERDEN_26462,34,26462,Ravenswood Znfdl Sonoma,750mL,1,16.99,16.99,1/24/2016,750,2,0.11,1392,CONSTELLATION BRANDS INC   
73_DONCASTER_47090,73,47090,Napa Cellars Cab Svgn Napa,750mL,1,23.99,23.99,1/9/2016,750,2,0.11,8892,TRINCHERO FAMILY ESTATES   
33_HORNSEY_33278,33,33278,Villa Cornaro Pnt Grigio LTD,750mL,1,7.99,7.99,1/6/2016,750,2,0.11,4425,MARTIGNETTI COMPANIES
7_STANMORE_3826,7,3826,Skyy Vodka,1.75L,1,24.99,24.99,1/6/2016,1750,1,1.84,11567,CAMPARI AMERICA            
78_EASTHAVEN_28147,78,28147,Kris Pnt Grigio Alto Adige,750mL,1,12.99,12.99,1/12/2016,750,2,0.11,2000,SOUTHERN WINE & SPIRITS NE 
46_TYWARDREATH_3180,46,3180,New Amsterdam Vodka,1.75L,1,16.99,16.99,1/2/2016,1750,1,1.84,3252,E & J GALLO WINERY         
59_CLAETHORPES_3405,59,3405,Tito's Handmade Vodka,1.75L,3,89.97,29.99,1/15/2016,1750,1,5.51,4425,MARTIGNETTI COMPANIES
48_NORFOLK_14439,48,14439,Barefoot Sweet Red,750mL,1,6.29,6.29,1/17/2016,750,2,0.11,3252,E & J GALLO WINERY         
76_DONCASTER_11141,76,11141,C K Mondavi Chard,1.5L,4,39.96,9.99,1/22/2016,1500,2,0.9,2000,SOUTHERN WINE & SPIRITS NE 
26_KNIFE'S EDGE_3545,26,3545,Ketel One Vodka,1.75L,1,29.99,29.99,1/19/2016,1750,1,1.84,3960,DIAGEO NORTH AMERICA INC   
7_STANMORE_46021,7,46021,Spellbound Cab Svgn Cal,750mL,4,55.96,13.99,1/29/2016,750,2,0.45,9165,ULTRA BEVERAGE COMPANY LLP 
62_KILMARNOCK_4227,62,4227,Bacardi Superior Rum Trav,1.75L,9,161.91,17.99,1/9/2016,1750,1,16.54,480,BACARDI USA INC            
50_MOUNTMEND_40538,50,40538,Phillips Incognito Lodi Rd,750mL,1,15.99,15.99,1/15/2016,750,2,0.11,4425,MARTIGNETTI COMPANIES
36_LEWES_7985,36,7985,Noilly Prat Extra Dry Vermou,Liter,1,9.99,9.99,1/5/2016,1000,1,1.05,480,BACARDI USA INC            
69_MOUNTMEND_14701,69,14701,Cupcake Red Velvet,750mL,2,16.98,8.49,1/4/2016,750,2,0.22,9815,WINE GROUP INC             
34_PITMERDEN_3728,34,3728,Absolut Citron,1.75L,2,49.98,24.99,1/3/2016,1750,1,3.67,17035,PERNOD RICARD USA          
56_BEGGAR'S HOLE_1244,56,1244,Jack Daniels Winter Jack,750mL,3,47.97,15.99,1/9/2016,750,1,2.36,1128,BROWN-FORMAN CORP          
55_DRY GULCH_24686,55,24686,Barco Negro Douro,750mL,1,7.99,7.99,1/7/2016,750,2,0.11,9165,ULTRA BEVERAGE COMPANY LLP 
15_WANBORNE_15094,15,15094,Butter Chard,750mL,1,15.99,15.99,2/26/2016,750,2,0.11,9165,ULTRA BEVERAGE COMPANY LLP 
8_ALNERWICK_39413,8,39413,Mirassou Pnt Nr Cntrl Coast,750mL,2,17.98,8.99,1/29/2016,750,2,0.22,3252,E & J GALLO WINERY         
32_MOUNTMEND_6867,32,6867,Rodney Strong Pnt Nr,750mL,1,18.99,18.99,1/17/2016,750,2,0.11,4425,MARTIGNETTI COMPANIES
76_DONCASTER_3754,76,3754,Smirnoff Blueberry Vodka,750mL,1,10.99,10.99,1/26/2016,750,1,0.79,3960,DIAGEO NORTH AMERICA INC   
33_HORNSEY_3637,33,3637,Zhenka Vodka Plastic,750mL,2,10.58,5.29,1/28/2016,750,1,1.57,9552,M S WALKER INC             
41_LARNWICK_10723,41,10723,R M Woodbridge Chard,1.5L,2,27.98,13.99,1/14/2016,1500,2,0.45,1392,CONSTELLATION BRANDS INC   
11_CARDEND_17001,11,17001,Martinshof Gruner Veltliner,750mL,2,27.98,13.99,1/29/2016,750,2,0.22,90010,VINEXTRA INC               
6_GOULCREST_1725,6,1725,Ole Smoky White Lightnin',750mL,1,18.99,18.99,1/19/2016,750,1,0.79,6359,OLE SMOKY DISTILLERY LLC   
55_DRY GULCH_15917,55,15917,Simply Naked Chard,750mL,1,6.99,6.99,1/6/2016,750,2,0.11,1392,CONSTELLATION BRANDS INC   
29_AYLESBURY_5365,29,5365,Kahlua,750mL,2,39.98,19.99,1/14/2016,750,1,1.57,17035,PERNOD RICARD USA          
30_CULCHETH_1385,30,1385,Makers Mark,750mL,2,53.98,26.99,1/18/2016,750,1,1.57,12546,JIM BEAM BRANDS COMPANY    
67_EANVERNESS_2015,67,2015,Jack Daniels Tennessee Honey,750mL,2,53.98,26.99,1/1/2016,750,1,1.57,1128,BROWN-FORMAN CORP          
50_MOUNTMEND_1692,50,1692,Everclear 151,750mL,3,59.97,19.99,1/29/2016,750,1,2.36,8352,LUXCO INC                  
13_TARMSWORTH_2757,13,2757,Johnnie Walker Red Label,1.75L,1,29.99,29.99,2/21/2016,1750,1,1.84,3960,DIAGEO NORTH AMERICA INC   
39_EASTHALLOW_18013,39,18013,Cecchi Sangiovese,750mL,2,13.98,6.99,1/12/2016,750,2,0.22,9165,ULTRA BEVERAGE COMPANY LLP 
78_EASTHAVEN_8737,78,8737,Freixenet Cordon Negro Brut,750mL,1,12.99,12.99,1/31/2016,750,2,0.11,4425,MARTIGNETTI COMPANIES
15_WANBORNE_2676,15,2676,Grand MacNish,1.75L,2,35.98,17.99,1/28/2016,1750,1,3.67,9552,M S WALKER INC             
73_DONCASTER_41213,73,41213,A to Z Pnt Nr Ore,750mL,2,35.98,17.99,1/3/2016,750,2,0.22,9165,ULTRA BEVERAGE COMPANY LLP 
9_BLACKPOOL_8066,9,8066,DeKuyper Triple Sec,1.75L,3,26.97,8.99,1/10/2016,1750,1,5.51,12546,JIM BEAM BRANDS COMPANY    
18_FURNESS_1180,18,1180,Evan Williams Black Label B,1.75L,2,35.98,17.99,1/29/2016,1750,1,3.67,3924,HEAVEN HILL DISTILLERIES   
72_HARDERSFIELD_9145,72,9145,Smirnoff Kissed Caramel,50mL,2,1.98,0.99,1/31/2016,50,1,0.1,3960,DIAGEO NORTH AMERICA INC   
1_HARDERSFIELD_8178,1,8178,Bulleit Bourbon,750mL,3,83.97,27.99,2/12/2016,750,1,2.36,3960,DIAGEO NORTH AMERICA INC   
25_CAERSHIRE_1039,25,1039,Three Olives Vodka w/Flask,750mL,1,12.99,12.99,1/9/2016,750,1,0.79,7245,PROXIMO SPIRITS INC.       
1_HARDERSFIELD_1296,1,1296,Tap 357 Maple Rye Whisky,750mL,2,53.98,26.99,2/29/2016,750,1,1.57,4425,MARTIGNETTI COMPANIES
25_CAERSHIRE_8131,25,8131,Lillet White French Aperiti,750mL,1,17.99,17.99,1/2/2016,750,2,0.11,17035,PERNOD RICARD USA          
19_WINTERVALE_3348,19,3348,Bombay Sapphire Gin,1.75L,2,73.98,36.99,1/29/2016,1750,1,3.67,480,BACARDI USA INC            
76_DONCASTER_25282,76,25282,Ransom Sweet Vermouth,500mL,1,18.99,18.99,1/30/2016,500,2,0.08,4425,MARTIGNETTI COMPANIES
14_BROMWICH_3500,14,3500,Tito's Handmade Vodka,50mL,13,25.87,1.99,1/12/2016,50,1,0.68,4425,MARTIGNETTI COMPANIES
34_PITMERDEN_21813,34,21813,Canyon Rd Chard,750mL,12,57.48,4.79,1/6/2016,750,2,1.35,3252,E & J GALLO WINERY         
60_IRRAGIN_3405,60,3405,Tito's Handmade Vodka,1.75L,5,149.95,29.99,1/13/2016,1750,1,9.19,4425,MARTIGNETTI COMPANIES
15_WANBORNE_8288,15,8288,Korbel Brut,750mL,1,12.99,12.99,2/1/2016,750,2,0.11,1128,BROWN-FORMAN CORP          
50_MOUNTMEND_8778,50,8778,Bulleit Bourbon,1.75L,2,99.98,49.99,1/18/2016,1750,1,3.67,3960,DIAGEO NORTH AMERICA INC   
34_PITMERDEN_7991,34,7991,Stock Italian X Dry Vermouth,1.5L,2,19.98,9.99,1/15/2016,1500,1,3.15,8352,LUXCO INC                  
72_HARDERSFIELD_35914,72,35914,Stone Cellars Chard,1.5L,6,47.94,7.99,1/23/2016,1500,2,1.35,9819,TREASURY WINE ESTATES      
66_EANVERNESS_23212,66,23212,The Dreaming Tree Pnt Nr CA,750mL,2,29.98,14.99,1/12/2016,750,2,0.22,1392,CONSTELLATION BRANDS INC   
76_DONCASTER_3961,76,3961,Grey Goose La Poire Vodka,750mL,1,23.99,23.99,1/7/2016,750,1,0.79,480,BACARDI USA INC            
56_BEGGAR'S HOLE_3344,56,3344,Bombay Sapphire Gin,750mL,2,39.98,19.99,1/2/2016,750,1,1.57,480,BACARDI USA INC            
23_ARBINGTON_1535,23,1535,Gentleman Jack,50mL,1,3.99,3.99,1/6/2016,50,1,0.05,1128,BROWN-FORMAN CORP          
9_BLACKPOOL_2656,9,2656,Cutty Sark,1.75L,1,24.99,24.99,1/7/2016,1750,1,1.84,2561,EDRINGTON AMERICAS         
1_HARDERSFIELD_2800,1,2800,Laphroaig 15 Yr Single Malt,750mL,1,79.99,79.99,1/6/2016,750,1,0.79,12546,JIM BEAM BRANDS COMPANY    
54_GUTHRAM_6213,54,6213,Taylor Red Port,1.5L,1,7.99,7.99,1/1/2016,1500,2,0.22,1392,CONSTELLATION BRANDS INC   
10_HORNSEY_1920,10,1920,Bowman Brothers Small Batch,750mL,1,29.99,29.99,2/13/2016,750,1,0.79,8004,SAZERAC CO INC             
62_KILMARNOCK_46202,62,46202,Yellow Tail Pnt Grigio Ausl,1.5L,1,14.99,14.99,1/29/2016,1500,2,0.22,4425,MARTIGNETTI COMPANIES
74_PAENTMARWY_8155,74,8155,Black Velvet Plastic,375mL,1,4.99,4.99,1/8/2016,375,1,0.39,1392,CONSTELLATION BRANDS INC   
68_SOLARIS_17707,68,17707,Smoking Loon Steelbird Chard,750mL,2,19.98,9.99,1/29/2016,750,2,0.22,9552,M S WALKER INC             
71_CLARCTON_39254,71,39254,Las Rocas Garnacha San Alej,750mL,3,32.97,10.99,1/8/2016,750,2,0.34,3252,E & J GALLO WINERY         
41_LARNWICK_15047,41,15047,Zaccagnini Pnt Grigio,750mL,2,37.98,18.99,1/9/2016,750,2,0.22,2000,SOUTHERN WINE & SPIRITS NE 
76_DONCASTER_18734,76,18734,Little Black Dress Divalicio,750mL,3,26.97,8.99,1/15/2016,750,2,0.34,516,BANFI PRODUCTS CORP        
74_PAENTMARWY_39146,74,39146,Matua Svgn Bl Marlboro,750mL,1,11.99,11.99,1/6/2016,750,2,0.11,9819,TREASURY WINE ESTATES      
68_SOLARIS_6734,68,6734,Gallo Twin Valley Cab Svgn C,1.5L,2,19.98,9.99,1/21/2016,1500,2,0.45,3252,E & J GALLO WINERY         
67_EANVERNESS_24286,67,24286,Kendall Jackson Gr RSV Cab S,750mL,1,25.99,25.99,1/10/2016,750,2,0.11,10000,MAJESTIC FINE WINES        
17_OLDHAM_1479,17,1479,Ten High,1.75L,2,24.98,12.49,1/14/2016,1750,1,3.67,660,SAZERAC NORTH AMERICA INC. 
34_PITMERDEN_8155,34,8155,Black Velvet Plastic,375mL,1,4.99,4.99,1/3/2016,375,1,0.39,1392,CONSTELLATION BRANDS INC   
73_DONCASTER_3197,73,3197,Pinnacle Vodka 100 Proof,1.75L,3,62.97,20.99,1/4/2016,1750,1,5.51,12546,JIM BEAM BRANDS COMPANY    
11_CARDEND_1738,11,1738,Ole Smoky Moonshine Cherries,750mL,1,18.99,18.99,1/16/2016,750,1,0.79,6359,OLE SMOKY DISTILLERY LLC   
29_AYLESBURY_7535,29,7535,Gekkeikan Sake,750mL,1,5.99,5.99,1/2/2016,750,1,0.79,8320,SHAW ROSS INT L IMP LTD    
41_LARNWICK_3409,41,3409,Crystal Head Vodka,750mL,1,49.99,49.99,1/22/2016,750,1,0.79,9165,ULTRA BEVERAGE COMPANY LLP 
49_GARIGILL_3893,49,3893,Zhenka 80 Proof,1.75L,3,29.97,9.99,1/1/2016,1750,1,5.51,9552,M S WALKER INC             
68_SOLARIS_1231,68,1231,Jack Daniels No 7 Black,375mL,1,12.99,12.99,1/20/2016,375,1,0.39,1128,BROWN-FORMAN CORP          
44_PORTHCRAWL_126,44,126,Grey Goose Vodka,Liter,1,32.99,32.99,1/29/2016,1000,1,1.05,480,BACARDI USA INC            
78_EASTHAVEN_4262,78,4262,Capt Morgan Spiced Rum,750mL,2,29.98,14.99,1/17/2016,750,1,1.57,3960,DIAGEO NORTH AMERICA INC   
68_SOLARIS_32368,68,32368,Cavit Pinot Noir Delle Vene,1.5L,1,14.99,14.99,1/13/2016,1500,2,0.22,6785,PALM BAY INTERNATIONAL INC 
23_ARBINGTON_28947,23,28947,R M Woodbridge Merlot Cal,1.5L,2,27.98,13.99,1/24/2016,1500,2,0.45,1392,CONSTELLATION BRANDS INC   
37_PAETHSMOUTH_7715,37,7715,Andre Extra Dry,750mL,1,5.99,5.99,1/16/2016,750,2,0.11,3252,E & J GALLO WINERY         
41_LARNWICK_1366,41,1366,Red Stag by Jim Beam,50mL,16,20.64,1.29,1/16/2016,50,1,0.84,12546,JIM BEAM BRANDS COMPANY    
75_BARNCOMBE_3783,75,3783,Ciroc Apple Vodka,50mL,2,3.98,1.99,1/9/2016,50,1,0.1,3960,DIAGEO NORTH AMERICA INC   
49_GARIGILL_3658,49,3658,Patron Anejo Tequila,750mL,2,117.98,58.99,1/2/2016,750,1,1.57,9165,ULTRA BEVERAGE COMPANY LLP 
54_GUTHRAM_1232,54,1232,Jack Daniels No 7 Black,750mL,1,22.99,22.99,1/9/2016,750,1,0.79,1128,BROWN-FORMAN CORP          
10_HORNSEY_3745,10,3745,Taaka Vodka Traveler,750mL,2,9.98,4.99,2/5/2016,750,1,1.57,8004,SAZERAC CO INC             
62_KILMARNOCK_652,62,652,Frangelico Gift Pack-Candle,750mL,1,24.99,24.99,1/9/2016,750,1,0.79,11567,CAMPARI AMERICA            
31_HORNSEY_5767,31,5767,Jose Cuervo Strawberry Marg,1.75L,1,13.99,13.99,1/9/2016,1750,1,1.84,7245,PROXIMO SPIRITS INC.       
25_CAERSHIRE_40175,25,40175,M & R Asti 4 Pak,187mL 4 Pk,1,11.99,11.99,1/16/2016,187,2,0.03,480,BACARDI USA INC            
78_EASTHAVEN_6650,78,6650,Simi Chard,750mL,2,21.98,10.99,1/6/2016,750,2,0.22,1392,CONSTELLATION BRANDS INC   
60_IRRAGIN_2615,60,2615,Chivas Regal,50mL,2,6.98,3.49,1/6/2016,50,1,0.1,17035,PERNOD RICARD USA          
6_GOULCREST_2690,6,2690,Black Velvet Reserve,750mL,1,9.99,9.99,1/22/2016,750,1,0.79,1392,CONSTELLATION BRANDS INC   
78_EASTHAVEN_2127,78,2127,Canadian Ltd,1.75L,1,10.49,10.49,1/6/2016,1750,1,1.84,660,SAZERAC NORTH AMERICA INC. 
68_SOLARIS_26551,68,26551,C R Clrs Fortissimo Red,4L,1,21.99,21.99,1/19/2016,4000,2,0.6,2000,SOUTHERN WINE & SPIRITS NE 
59_CLAETHORPES_5676,59,5676,Kinky Liqueur,50mL,9,17.91,1.99,1/8/2016,50,1,0.47,7153,PINE STATE TRADING CO      
12_LEESIDE_12465,12,12465,Cline Cashmere Red Cal,750mL,1,8.99,8.99,1/17/2016,750,2,0.11,4425,MARTIGNETTI COMPANIES
78_EASTHAVEN_3893,78,3893,Zhenka 80 Proof,1.75L,4,39.96,9.99,1/20/2016,1750,1,7.35,9552,M S WALKER INC             
78_EASTHAVEN_3637,78,3637,Zhenka Vodka Plastic,750mL,2,10.58,5.29,1/19/2016,750,1,1.57,9552,M S WALKER INC             
73_DONCASTER_14006,73,14006,Apothic Winemakers Red Blend,750mL,27,269.73,9.99,1/24/2016,750,2,3.04,3252,E & J GALLO WINERY         
79_BALLYMENA_3877,79,3877,Smirnoff Green Apple Vodka,750mL,1,10.99,10.99,1/13/2016,750,1,0.79,3960,DIAGEO NORTH AMERICA INC   
34_PITMERDEN_3805,34,3805,Cuervo Silver Rolling Stones,750mL,1,14.99,14.99,1/19/2016,750,1,0.79,7245,PROXIMO SPIRITS INC.       
53_HILLFAR_5805,53,5805,Jose Cuervo Light Margaritas,1.75L,1,13.99,13.99,1/29/2016,1750,1,1.84,7245,PROXIMO SPIRITS INC.       
39_EASTHALLOW_8111,39,8111,Smirnoff 80 Proof,50mL,7,6.93,0.99,1/30/2016,50,1,0.37,3960,DIAGEO NORTH AMERICA INC   
11_CARDEND_4294,11,4294,Goslings Black Seal 151,750mL,1,15.99,15.99,2/13/2016,750,1,0.79,1485,CASTLE BRANDS CORP.        
72_HARDERSFIELD_5462,72,5462,Barenjager Honey Liqueur,750mL,1,21.99,21.99,1/10/2016,750,1,0.79,6355,NICHE W & S                
56_BEGGAR'S HOLE_3899,56,3899,Platinum 7X Distilled Vodka,375mL,2,7.98,3.99,1/17/2016,375,1,0.79,8004,SAZERAC CO INC             
75_BARNCOMBE_1220,75,1220,Woodford Reserve Bourbon,750mL,1,29.99,29.99,1/2/2016,750,1,0.79,1128,BROWN-FORMAN CORP          
49_GARIGILL_3724,49,3724,Absolut Citron,750mL,3,53.97,17.99,1/2/2016,750,1,2.36,17035,PERNOD RICARD USA          
13_TARMSWORTH_2894,13,2894,Scoresby Rare,1.75L,1,17.99,17.99,2/27/2016,1750,1,1.84,3960,DIAGEO NORTH AMERICA INC   
6_GOULCREST_38850,6,38850,Ravenswood Vntrs Bl Cab Svgn,750mL,1,10.99,10.99,1/25/2016,750,2,0.11,1392,CONSTELLATION BRANDS INC   
75_BARNCOMBE_3505,75,3505,Tito's Handmade Vodka,750mL,1,21.99,21.99,1/13/2016,750,1,0.79,4425,MARTIGNETTI COMPANIES
15_WANBORNE_33682,15,33682,R Mondavi Pvt Slctn Cab Sv,1.5L,1,17.99,17.99,2/28/2016,1500,2,0.22,1392,CONSTELLATION BRANDS INC   
52_GRAYCOTT_29128,52,29128,Sutter Home Merlot Cal,187mL 4 Pk,1,5.99,5.99,1/15/2016,187,2,0.03,8892,TRINCHERO FAMILY ESTATES   
10_HORNSEY_4413,10,4413,Casamigos Blanco,50mL,9,17.91,1.99,2/10/2016,50,1,0.47,6213,MHW LTD                    
1_HARDERSFIELD_1261,1,1261,Jim Beam Kentucky Fire,50mL,4,3.96,0.99,2/16/2016,50,1,0.21,12546,JIM BEAM BRANDS COMPANY    
32_MOUNTMEND_33874,32,33874,Bella Sera Pinot Grigio Del,1.5L,1,9.99,9.99,1/2/2016,1500,2,0.22,3252,E & J GALLO WINERY         
18_FURNESS_3738,18,3738,Three Olives Chocolate Vodka,750mL,1,11.99,11.99,1/21/2016,750,1,0.79,7245,PROXIMO SPIRITS INC.       
67_EANVERNESS_20357,67,20357,Apothic Dark,750mL,8,79.92,9.99,1/31/2016,750,2,0.9,3252,E & J GALLO WINERY         
58_HARTLEPOOL_1024,58,1024,Hennessey VS +VSOP 50mL,750mL,2,55.98,27.99,1/17/2016,750,1,1.57,8112,MOET HENNESSY USA INC      
55_DRY GULCH_3025,55,3025,Ciroc Snap Frost Vodka,375mL,1,11.99,11.99,1/22/2016,375,1,0.39,3960,DIAGEO NORTH AMERICA INC   
22_SHARNWICK_1232,22,1232,Jack Daniels No 7 Black,750mL,1,22.99,22.99,1/12/2016,750,1,0.79,1128,BROWN-FORMAN CORP          
76_DONCASTER_9028,76,9028,Prairie Organic Gin,750mL,2,31.98,15.99,1/11/2016,750,1,1.57,9206,PHILLIPS PRODUCTS CO.      
31_HORNSEY_6479,31,6479,Clos du Bois Chard,750mL,1,9.99,9.99,1/14/2016,750,2,0.11,1392,CONSTELLATION BRANDS INC   
79_BALLYMENA_35088,79,35088,Newport Vyds Great White RI,750mL,1,9.99,9.99,1/20/2016,750,2,0.11,7153,PINE STATE TRADING CO      
18_FURNESS_5101,18,5101,Dr McGillicuddy's Mentholmnt,750mL,1,13.99,13.99,2/27/2016,750,1,0.79,8004,SAZERAC CO INC             
54_GUTHRAM_35666,54,35666,Redwood Creek Chard Cal,1.5L,2,19.98,9.99,1/28/2016,1500,2,0.45,3252,E & J GALLO WINERY         
15_WANBORNE_15264,15,15264,Bridlewood Cab Svgn,750mL,1,13.99,13.99,2/7/2016,750,2,0.11,3252,E & J GALLO WINERY         
6_GOULCREST_24829,6,24829,Cecchi Chianti Classico,750mL,1,10.99,10.99,1/19/2016,750,2,0.11,9165,ULTRA BEVERAGE COMPANY LLP 
10_HORNSEY_17100,10,17100,Z-52 Znfdl Lodi Old Vines,750mL,1,7.99,7.99,1/14/2016,750,2,0.11,9165,ULTRA BEVERAGE COMPANY LLP 
68_SOLARIS_5197,68,5197,Southern Comfort,375mL,1,7.99,7.99,1/14/2016,375,1,0.39,1128,BROWN-FORMAN CORP          
43_WOLFORD_4916,43,4916,Mr Boston Coffee Brandy,1.75L,6,59.94,9.99,1/3/2016,1750,1,11.02,660,SAZERAC NORTH AMERICA INC. 
45_VERITAS_5490,45,5490,DeKuyper Hot Damn Cinnamon,50mL,2,1.98,0.99,1/15/2016,50,1,0.1,12546,JIM BEAM BRANDS COMPANY    
67_EANVERNESS_46422,67,46422,Hob Nob Chard,750mL,1,9.99,9.99,1/30/2016,750,2,0.11,4425,MARTIGNETTI COMPANIES
73_DONCASTER_2145,73,2145,WolfHound Irish Whiskey,750mL,1,17.99,17.99,1/23/2016,750,1,0.79,7153,PINE STATE TRADING CO      
24_PALPERROTH_3802,24,3802,Three Olives Vodka,1.75L,3,56.97,18.99,1/2/2016,1750,1,5.51,7245,PROXIMO SPIRITS INC.       
55_DRY GULCH_8790,55,8790,Bolla Valpolicella,1.5L,1,12.99,12.99,1/30/2016,1500,2,0.22,516,BANFI PRODUCTS CORP        
72_HARDERSFIELD_700,72,700,Hiram Walker Cr de Cacao Br,Liter,1,8.29,8.29,1/22/2016,1000,1,1.05,17035,PERNOD RICARD USA          
39_EASTHALLOW_8159,39,8159,Jose Cuervo Especial,1.75L,1,25.99,25.99,1/6/2016,1750,1,1.84,7245,PROXIMO SPIRITS INC.       
43_WOLFORD_3500,43,3500,Tito's Handmade Vodka,50mL,1,1.99,1.99,1/13/2016,50,1,0.05,4425,MARTIGNETTI COMPANIES
32_MOUNTMEND_37731,32,37731,Corbett Canyon Chard,3L,1,12.99,12.99,1/12/2016,3000,2,0.45,9815,WINE GROUP INC             
75_BARNCOMBE_822,75,822,Tanqueray,Liter,1,26.99,26.99,1/19/2016,1000,1,1.05,3960,DIAGEO NORTH AMERICA INC   
56_BEGGAR'S HOLE_3246,56,3246,Bentley's Vodka,1.75L,2,17.58,8.79,1/18/2016,1750,1,3.67,8004,SAZERAC CO INC             
1_HARDERSFIELD_8470,1,8470,1800 Reposado Gold Tequila,50mL,3,8.37,2.79,1/25/2016,50,1,0.16,7245,PROXIMO SPIRITS INC.       
41_LARNWICK_5316,41,5316,Amaretto DiSaronno,50mL,1,2.29,2.29,1/26/2016,50,1,0.05,2555,DISARONNO INTERNATIONAL LLC
67_EANVERNESS_46119,67,46119,Phillips Lust Znfdl Lodi,750mL,1,54.99,54.99,1/10/2016,750,2,0.11,4425,MARTIGNETTI COMPANIES
42_BLACK HOLLOW_8236,42,8236,Jim Beam,50mL,3,4.47,1.49,1/6/2016,50,1,0.16,12546,JIM BEAM BRANDS COMPANY    
22_SHARNWICK_4194,22,4194,Calico Jack Coconut Rum,1.75L,2,25.98,12.99,1/20/2016,1750,1,3.67,12546,JIM BEAM BRANDS COMPANY    
73_DONCASTER_4089,73,4089,Capt Morgan White,1.75L,2,49.98,24.99,1/7/2016,1750,1,3.67,3960,DIAGEO NORTH AMERICA INC   
73_DONCASTER_16310,73,16310,Mollydooker Scooter Merlot,750mL,3,77.97,25.99,1/3/2016,750,2,0.34,90047,CRUSH WINES                
34_PITMERDEN_8822,34,8822,Absolut 80 Proof,50mL,7,13.93,1.99,1/17/2016,50,1,0.37,17035,PERNOD RICARD USA          
69_MOUNTMEND_6312,69,6312,Gallo Twin Valley Svgn Bl Ca,1.5L,3,29.97,9.99,1/20/2016,1500,2,0.68,3252,E & J GALLO WINERY         
56_BEGGAR'S HOLE_40096,56,40096,Black Box Cab Svgn,3L,1,26.99,26.99,1/12/2016,3000,2,0.45,1392,CONSTELLATION BRANDS INC   
34_PITMERDEN_11529,34,11529,Benvolio Pnt Grigio Friuli,750mL,1,5.79,5.79,1/20/2016,750,2,0.11,9552,M S WALKER INC             
76_DONCASTER_3025,76,3025,Ciroc Snap Frost Vodka,375mL,1,11.99,11.99,1/15/2016,375,1,0.39,3960,DIAGEO NORTH AMERICA INC   
60_IRRAGIN_24771,60,24771,Les Darons Lang J Carrel Rou,750mL,1,12.99,12.99,1/17/2016,750,2,0.11,10754,PERFECTA WINES             
16_LUNDY_38133,16,38133,Il Bastardo Sangiovese Tosc,750mL,3,23.97,7.99,2/6/2016,750,2,0.34,10754,PERFECTA WINES             
56_BEGGAR'S HOLE_1637,56,1637,Fleischmanns Preferred,1.75L,1,10.99,10.99,1/5/2016,1750,1,1.84,660,SAZERAC NORTH AMERICA INC. 
32_MOUNTMEND_3489,32,3489,Tanqueray,1.75L,1,34.99,34.99,1/28/2016,1750,1,1.84,3960,DIAGEO NORTH AMERICA INC   
32_MOUNTMEND_2589,32,2589,Jameson Irish Whiskey,1.75L,1,41.99,41.99,1/28/2016,1750,1,1.84,17035,PERNOD RICARD USA          
1_HARDERSFIELD_41787,1,41787,Ferrari-Carano Cab Svgn Alex,750mL,1,30.99,30.99,1/2/2016,750,2,0.11,2000,SOUTHERN WINE & SPIRITS NE 
10_HORNSEY_4959,10,4959,Bacardi Tangerine,50mL,2,1.98,0.99,1/5/2016,50,1,0.1,480,BACARDI USA INC            
56_BEGGAR'S HOLE_3915,56,3915,Sauza Silver Tequila,750mL,1,14.99,14.99,1/30/2016,750,1,0.79,12546,JIM BEAM BRANDS COMPANY    
58_HARTLEPOOL_6234,58,6234,C Y Toro Front Cab/Merlot,1.5L,1,7.99,7.99,1/29/2016,1500,2,0.22,516,BANFI PRODUCTS CORP        
41_LARNWICK_6983,41,6983,J Lohr Seven Oaks Cab Svgn,750mL,5,79.95,15.99,1/25/2016,750,2,0.56,4425,MARTIGNETTI COMPANIES
73_DONCASTER_2924,73,2924,Speyburn 10-Yr Single Malt,750mL,1,23.99,23.99,1/23/2016,750,1,0.79,8004,SAZERAC CO INC             
34_PITMERDEN_6266,34,6266,Gallo Fairbanks Sherry,1.5L,1,7.79,7.79,1/27/2016,1500,2,0.22,3252,E & J GALLO WINERY         
39_EASTHALLOW_4296,39,4296,Ronrico Silver Rum,1.75L,1,12.99,12.99,1/6/2016,1750,1,1.84,12546,JIM BEAM BRANDS COMPANY    
33_HORNSEY_18971,33,18971,Tenuta Guado Al Tasso Bructo,750mL,1,26.99,26.99,1/20/2016,750,2,0.11,8673,STE MICHELLE WINE ESTATES  
34_PITMERDEN_46947,34,46947,Murphy-Goode Merlot Alexandr,750mL,1,14.99,14.99,1/13/2016,750,2,0.11,9552,M S WALKER INC             
46_TYWARDREATH_7254,46,7254,Cribari Marsala,750mL,1,7.99,7.99,1/3/2016,750,2,0.11,1392,CONSTELLATION BRANDS INC   
34_PITMERDEN_31204,34,31204,Beringer Fndrs Est Svgn Bl,750mL,2,23.98,11.99,1/30/2016,750,2,0.22,9819,TREASURY WINE ESTATES      
66_EANVERNESS_42765,66,42765,14 Hands Chard Wash,750mL,2,23.98,11.99,1/17/2016,750,2,0.22,8673,STE MICHELLE WINE ESTATES  
8_ALNERWICK_39412,8,39412,Mirassou Merlot Cal,750mL,4,39.96,9.99,1/20/2016,750,2,0.45,3252,E & J GALLO WINERY         
19_WINTERVALE_3476,19,3476,Reyka Vodka,750mL,1,19.99,19.99,2/6/2016,750,1,0.79,3664,WILLIAM GRANT & SONS INC   
67_EANVERNESS_15528,67,15528,Cannonball Chard,750mL,1,13.99,13.99,1/7/2016,750,2,0.11,4425,MARTIGNETTI COMPANIES
31_HORNSEY_8513,31,8513,Baileys Irish Cream Mini's 4,100mL 4 Pk,1,8.99,8.99,1/22/2016,100,1,0.1,3960,DIAGEO NORTH AMERICA INC   
57_LANTEGLOS_1385,57,1385,Makers Mark,750mL,2,53.98,26.99,1/16/2016,750,1,1.57,12546,JIM BEAM BRANDS COMPANY    
49_GARIGILL_17263,49,17263,Lincourt Courtney's Chard,750mL,1,10.99,10.99,1/31/2016,750,2,0.11,4425,MARTIGNETTI COMPANIES
69_MOUNTMEND_7977,69,7977,M & R X Dry Vermouth,1.5L,1,10.49,10.49,1/13/2016,1500,1,1.57,480,BACARDI USA INC            
23_ARBINGTON_5031,23,5031,DeKuyper Peppermint Schnapp,1.75L,1,16.99,16.99,1/15/2016,1750,1,1.84,12546,JIM BEAM BRANDS COMPANY    
66_EANVERNESS_5134,66,5134,Dr McGillicuddy's Cherry,750mL,1,13.99,13.99,1/19/2016,750,1,0.79,8004,SAZERAC CO INC             
64_CESTERFIELD_14383,64,14383,LaBelle Winery Granite Red,750mL,1,15.99,15.99,1/7/2016,750,2,0.11,90032,LABELLE VYDS AND WINERY    
1_HARDERSFIELD_8897,1,8897,Moet & Chandon Brut Imprl Ro,750mL,1,57.99,57.99,1/24/2016,750,2,0.11,8112,MOET HENNESSY USA INC      
60_IRRAGIN_15503,60,15503,Opici Sangria,3L,1,13.99,13.99,1/9/2016,3000,2,0.45,9165,ULTRA BEVERAGE COMPANY LLP 
21_BALERNO_3637,21,3637,Zhenka Vodka Plastic,750mL,1,5.29,5.29,1/25/2016,750,1,0.79,9552,M S WALKER INC             
69_MOUNTMEND_4234,69,4234,Bacardi Pineapple Fusion,750mL,1,13.99,13.99,1/9/2016,750,1,0.79,480,BACARDI USA INC            
38_GOULCREST_6918,38,6918,Franzia Tap Cab Svgn,5L,1,15.99,15.99,1/10/2016,5000,2,0.75,9815,WINE GROUP INC             
68_SOLARIS_6523,68,6523,Franzia Burgundy Tap Red,5L,1,14.99,14.99,1/5/2016,5000,2,0.75,9815,WINE GROUP INC             
32_MOUNTMEND_3804,32,3804,Svedka Vodka,750mL,1,9.99,9.99,1/16/2016,750,1,0.79,1392,CONSTELLATION BRANDS INC   
33_HORNSEY_20781,33,20781,Steele Clear Lake Merlot Cty,750mL,1,14.99,14.99,1/30/2016,750,2,0.11,9552,M S WALKER INC             
54_GUTHRAM_5382,54,5382,Ice 101 Peppermint Schnapps,750mL,2,25.98,12.99,1/28/2016,750,1,1.57,8004,SAZERAC CO INC             
52_GRAYCOTT_4410,52,4410,Cruzan Mango Flavored Rum,750mL,1,9.99,9.99,1/30/2016,750,1,0.79,12546,JIM BEAM BRANDS COMPANY    
36_LEWES_3371,36,3371,Skyy Infusions Georgia Peach,50mL,5,4.95,0.99,1/8/2016,50,1,0.26,11567,CAMPARI AMERICA            
25_CAERSHIRE_2122,25,2122,Canadian Club 1858,750mL,1,10.99,10.99,1/10/2016,750,1,0.79,12546,JIM BEAM BRANDS COMPANY    
61_AETHELNEY_5197,61,5197,Southern Comfort,375mL,2,15.98,7.99,1/30/2016,375,1,0.79,1128,BROWN-FORMAN CORP          
50_MOUNTMEND_4387,50,4387,Allens Coffee Brandy Trv,750mL,1,8.49,8.49,1/18/2016,750,1,0.79,9552,M S WALKER INC             
45_VERITAS_2586,45,2586,Jameson Irish Whiskey,50mL,1,2.99,2.99,1/5/2016,50,1,0.05,17035,PERNOD RICARD USA          
20_BREDWARDINE_5734,20,5734,Malibu Rum,1.75L,1,21.99,21.99,1/16/2016,1750,1,1.84,17035,PERNOD RICARD USA          
13_TARMSWORTH_3512,13,3512,Pinnacle Vodka,1.75L,3,50.97,16.99,1/16/2016,1750,1,5.51,12546,JIM BEAM BRANDS COMPANY    
30_CULCHETH_8082,30,8082,Baileys Irish Cream,1.75L,1,38.99,38.99,1/30/2016,1750,1,1.84,3960,DIAGEO NORTH AMERICA INC   
53_HILLFAR_5219,53,5219,Sambuca Romana Black,750mL,3,59.97,19.99,1/25/2016,750,1,2.36,3960,DIAGEO NORTH AMERICA INC   
2_ASHBORNE_4135,2,4135,Smirnoff Blueberry Vodka,50mL,4,3.96,0.99,1/20/2016,50,1,0.21,3960,DIAGEO NORTH AMERICA INC   
55_DRY GULCH_29169,55,29169,Franzia Tap Merlot,5L,1,15.99,15.99,1/23/2016,5000,2,0.75,9815,WINE GROUP INC             
75_BARNCOMBE_2226,75,2226,Jim Beam Devils Cut,1.75L,3,110.97,36.99,1/29/2016,1750,1,5.51,12546,JIM BEAM BRANDS COMPANY    
60_IRRAGIN_42579,60,42579,Voga del Venezie Pnt Grigio,750mL,2,19.98,9.99,1/31/2016,750,2,0.22,9552,M S WALKER INC             
79_BALLYMENA_42256,79,42256,Duboeuf Bjls Rd,187mL 4 Pk,16,84.64,5.29,1/8/2016,187,2,0.45,4425,MARTIGNETTI COMPANIES
68_SOLARIS_7982,68,7982,M & R Sweet Vermouth,750mL,2,14.98,7.49,1/23/2016,750,1,1.57,480,BACARDI USA INC            
74_PAENTMARWY_8053,74,8053,Seagrams 7 Crown,50mL,4,3.96,0.99,1/22/2016,50,1,0.21,3960,DIAGEO NORTH AMERICA INC   
68_SOLARIS_1233,68,1233,Jack Daniels No 7 Black,1.75L,3,107.97,35.99,1/16/2016,1750,1,5.51,1128,BROWN-FORMAN CORP          
60_IRRAGIN_28156,60,28156,Sauvion Vouvray,750mL,2,25.98,12.99,1/19/2016,750,2,0.22,4425,MARTIGNETTI COMPANIES
28_LARNWICK_38133,28,38133,Il Bastardo Sangiovese Tosc,750mL,5,34.95,6.99,1/23/2016,750,2,0.56,10754,PERFECTA WINES             
12_LEESIDE_13430,12,13430,Agua de Piedra Malbec Selccn,750mL,1,10.99,10.99,1/25/2016,750,2,0.11,7153,PINE STATE TRADING CO      
35_HALIVAARA_8474,35,8474,1800 Reposado Gold Tequila,1.75L,1,41.99,41.99,1/22/2016,1750,1,1.84,7245,PROXIMO SPIRITS INC.       
38_GOULCREST_15891,38,15891,Farnum Hill Dooryard Cider,750mL,5,59.95,11.99,1/15/2016,750,2,0.56,90027,POVERTY LANE ORCHARDS      
7_STANMORE_6694,7,6694,Lindemans Bin 65 Chard,750mL,1,7.99,7.99,1/29/2016,750,2,0.11,4425,MARTIGNETTI COMPANIES
68_SOLARIS_3893,68,3893,Zhenka 80 Proof,1.75L,1,9.99,9.99,1/28/2016,1750,1,1.84,9552,M S WALKER INC             
5_SUTTON_2465,5,2465,Crown Royal Mini,50mL,2,5.98,2.99,1/6/2016,50,1,0.1,3960,DIAGEO NORTH AMERICA INC   
44_PORTHCRAWL_4195,44,4195,Calico Jack Spiced Rum No 94,750mL,1,10.99,10.99,1/15/2016,750,1,0.79,12546,JIM BEAM BRANDS COMPANY    
32_MOUNTMEND_13430,32,13430,Agua de Piedra Malbec Selccn,750mL,4,43.96,10.99,1/9/2016,750,2,0.45,7153,PINE STATE TRADING CO      
14_BROMWICH_4018,14,4018,Papa's Pilar Dark Rum,750mL,1,39.99,39.99,1/29/2016,750,1,0.79,9165,ULTRA BEVERAGE COMPANY LLP 
71_CLARCTON_12994,71,12994,Acrobat Pnt Gris Oregon,750mL,1,11.99,11.99,1/30/2016,750,2,0.11,4425,MARTIGNETTI COMPANIES
17_OLDHAM_42462,17,42462,Gnarly Head Old Vine Znfdl,750mL,4,39.96,9.99,2/6/2016,750,2,0.45,2242,DELICATO VINEYARDS INC     
67_EANVERNESS_15892,67,15892,Red Guitar Sangria,750mL,1,4.99,4.99,1/29/2016,750,2,0.11,1392,CONSTELLATION BRANDS INC   
50_MOUNTMEND_25005,50,25005,Volpaia Chianti Clsco,750mL,1,17.99,17.99,1/8/2016,750,2,0.11,4425,MARTIGNETTI COMPANIES
51_ABERDEEN_6595,51,6595,Bogle Merlot,750mL,1,11.99,11.99,1/5/2016,750,2,0.11,4425,MARTIGNETTI COMPANIES
31_HORNSEY_5111,31,5111,Dr McGillicuddy's Mentholmnt,50mL,7,6.93,0.99,1/2/2016,50,1,0.37,8004,SAZERAC CO INC             
62_KILMARNOCK_7262,62,7262,Gallo Sweet Vermouth,750mL,1,5.49,5.49,1/22/2016,750,2,0.11,3252,E & J GALLO WINERY         
76_DONCASTER_29212,76,29212,R Mondavi Merlot Pvt Sel,750mL,1,8.99,8.99,1/16/2016,750,2,0.11,1392,CONSTELLATION BRANDS INC   
11_CARDEND_16757,11,16757,Cardamaro Vino Amaro,750mL,1,19.99,19.99,2/5/2016,750,2,0.11,653,STATE WINE & SPIRITS   
42_BLACK HOLLOW_14551,42,14551,Cava Mistinguett Brut,750mL,4,31.96,7.99,1/15/2016,750,2,0.45,10754,PERFECTA WINES             
62_KILMARNOCK_7293,62,7293,Chi Chi's Skinny Margarita,1.75L,2,17.98,8.99,1/15/2016,1750,1,3.67,660,SAZERAC NORTH AMERICA INC. 
10_HORNSEY_4703,10,4703,Blue Chair Bay Coconut Rum,50mL,2,1.98,0.99,1/6/2016,50,1,0.1,6213,MHW LTD                    
79_BALLYMENA_435,79,435,Il Tramonto Limoncello,750mL,1,19.99,19.99,1/30/2016,750,1,0.79,7153,PINE STATE TRADING CO      
20_BREDWARDINE_2797,20,2797,Wicked 87 Whiskey,50mL,1,0.99,0.99,1/28/2016,50,1,0.05,7153,PINE STATE TRADING CO      
13_TARMSWORTH_44719,13,44719,Cavit Prosecco Lunetta,750mL,1,9.99,9.99,2/2/2016,750,2,0.11,6785,PALM BAY INTERNATIONAL INC 
53_HILLFAR_3840,53,3840,Smirnoff Raspberry Vodka,1.75L,1,17.99,17.99,1/3/2016,1750,1,1.84,3960,DIAGEO NORTH AMERICA INC   
10_HORNSEY_5401,10,5401,Jagermeister Liqueur,200mL,4,23.96,5.99,2/15/2016,200,1,0.84,3089,SIDNEY FRANK IMPORTING CO  
11_CARDEND_6958,11,6958,Vendange Svgn Bl,1.5L,3,23.97,7.99,2/7/2016,1500,2,0.68,1392,CONSTELLATION BRANDS INC   
76_DONCASTER_22438,76,22438,Ch Fuisse Pouilly Fuisse 12,750mL,2,99.98,49.99,1/29/2016,750,2,0.22,9744,FREDERICK WILDMAN & SONS   
66_EANVERNESS_5977,66,5977,Absinthe Ordinaire,750mL,1,22.99,22.99,1/17/2016,750,1,0.79,6213,MHW LTD                    
41_LARNWICK_2689,41,2689,Black Velvet Reserve,1.75L,2,37.98,18.99,1/19/2016,1750,1,3.67,1392,CONSTELLATION BRANDS INC   
73_DONCASTER_2752,73,2752,Johnnie Walker Black Label,750mL,1,34.99,34.99,1/26/2016,750,1,0.79,3960,DIAGEO NORTH AMERICA INC   
72_HARDERSFIELD_35913,72,35913,Stone Cellars Cab Svgn,1.5L,2,15.98,7.99,1/28/2016,1500,2,0.45,9819,TREASURY WINE ESTATES      
41_LARNWICK_28579,41,28579,R M Woodbridge Merlot Cal,750mL,1,7.99,7.99,1/25/2016,750,2,0.11,1392,CONSTELLATION BRANDS INC   
25_CAERSHIRE_4412,25,4412,Pusser's British Navy Rum,750mL,1,17.99,17.99,1/2/2016,750,1,0.79,8320,SHAW ROSS INT L IMP LTD    
69_MOUNTMEND_3423,69,3423,Beefeater,1.75L,2,53.98,26.99,1/5/2016,1750,1,3.67,17035,PERNOD RICARD USA          
67_EANVERNESS_18507,67,18507,Cakebread Cab Svgn,750mL,1,64.99,64.99,1/10/2016,750,2,0.11,4692,KOBRAND CORPORATION        
48_NORFOLK_6542,48,6542,Melini Borghi D'Elsa Chiant,750mL,1,6.49,6.49,1/21/2016,750,2,0.11,9744,FREDERICK WILDMAN & SONS   
72_HARDERSFIELD_7371,72,7371,Placido Sangiovese Primever,1.5L,1,10.99,10.99,1/17/2016,1500,2,0.22,516,BANFI PRODUCTS CORP        
1_HARDERSFIELD_5042,1,5042,Tequila Rose Liqueur,750mL,1,13.99,13.99,1/27/2016,750,1,0.79,5992,MCCORMICK DISTILLING CO    
72_HARDERSFIELD_2373,72,2373,Jim Beam Maple,750mL,1,14.49,14.49,1/22/2016,750,1,0.79,12546,JIM BEAM BRANDS COMPANY    
72_HARDERSFIELD_5680,72,5680,Barenjager Honey Liqueur,50mL,2,3.98,1.99,1/5/2016,50,1,0.1,6355,NICHE W & S                
25_CAERSHIRE_4882,25,4882,Arrow Coffee Brandy,750mL,1,6.49,6.49,1/3/2016,750,1,0.79,8352,LUXCO INC                  
50_MOUNTMEND_4989,50,4989,Martell VS Cognac,750mL,2,45.98,22.99,1/22/2016,750,1,1.57,17035,PERNOD RICARD USA          
51_ABERDEEN_6499,51,6499,Kinky Liqueur,750mL,2,33.98,16.99,1/24/2016,750,1,1.57,7153,PINE STATE TRADING CO      
34_PITMERDEN_5365,34,5365,Kahlua,750mL,7,132.93,18.99,1/1/2016,750,1,5.51,17035,PERNOD RICARD USA          
3_HORNSEY_1867,3,1867,Jack Daniels Tennessee Honey,50mL,4,11.96,2.99,1/15/2016,50,1,0.21,1128,BROWN-FORMAN CORP          
13_TARMSWORTH_8265,13,8265,Cockburns Fine Ruby Port,750mL,1,9.99,9.99,1/12/2016,750,2,0.11,7240,"PREMIUM PORT WINES, INC.   "
15_WANBORNE_8203,15,8203,Grand Marnier,50mL,1,2.99,2.99,1/30/2016,50,1,0.05,8112,MOET HENNESSY USA INC      
16_LUNDY_18856,16,18856,Barefoot Refresh Sweet White,750mL,1,5.99,5.99,1/1/2016,750,2,0.11,3252,E & J GALLO WINERY         
35_HALIVAARA_2114,35,2114,Black Velvet Canadian Whisky,1.75L,3,38.97,12.99,1/17/2016,1750,1,5.51,1392,CONSTELLATION BRANDS INC   
60_IRRAGIN_3910,60,3910,Hornitos Plata Tequila,375mL,1,11.49,11.49,1/25/2016,375,1,0.39,12546,JIM BEAM BRANDS COMPANY    
44_PORTHCRAWL_3502,44,3502,Pinnacle Vodka,750mL,1,10.99,10.99,1/29/2016,750,1,0.79,12546,JIM BEAM BRANDS COMPANY    
59_CLAETHORPES_35914,59,35914,Stone Cellars Chard,1.5L,3,23.97,7.99,1/14/2016,1500,2,0.68,9819,TREASURY WINE ESTATES      
76_DONCASTER_34850,76,34850,Bargetto Chaucer's Hney Mead,750mL,1,13.99,13.99,1/22/2016,750,2,0.11,7153,PINE STATE TRADING CO      
11_CARDEND_1276,11,1276,Jack Daniels Single Barrel,50mL,1,4.99,4.99,2/26/2016,50,1,0.05,1128,BROWN-FORMAN CORP          
6_GOULCREST_15875,6,15875,Ranga Ranga Svgn Bl,750mL,1,11.99,11.99,1/4/2016,750,2,0.11,10754,PERFECTA WINES             
54_GUTHRAM_3913,54,3913,Svedka Vodka,1.75L,4,71.96,17.99,1/4/2016,1750,1,7.35,1392,CONSTELLATION BRANDS INC   
62_KILMARNOCK_5285,62,5285,Jacquin Triple Sec,750mL,1,7.99,7.99,1/3/2016,750,1,0.79,4380,CHARLES JACQUIN ET CIE INC 
34_PITMERDEN_5921,34,5921,RumChata Liqueur,750mL,2,47.98,23.99,1/23/2016,750,1,1.57,6213,MHW LTD                    
11_CARDEND_1346,11,1346,Knob Creek Bourbon,750mL,2,59.98,29.99,1/7/2016,750,1,1.57,12546,JIM BEAM BRANDS COMPANY    
15_WANBORNE_7996,15,7996,Stock Italian Sweet Vermouth,750mL,1,6.49,6.49,2/24/2016,750,2,0.11,8352,LUXCO INC                  
15_WANBORNE_5058,15,5058,Capt Morgan Long Isl Tea RTD,1.75L,3,53.97,17.99,1/9/2016,1750,1,5.51,3960,DIAGEO NORTH AMERICA INC   
67_EANVERNESS_4478,67,4478,Myers Original Dark Rum,750mL,2,35.98,17.99,1/30/2016,750,1,1.57,3960,DIAGEO NORTH AMERICA INC   
10_HORNSEY_44413,10,44413,Spasso Pnt Grigio Veneto,750mL,1,4.99,4.99,2/29/2016,750,2,0.11,9552,M S WALKER INC             
50_MOUNTMEND_3728,50,3728,Absolut Citron,1.75L,2,51.98,25.99,1/6/2016,1750,1,3.67,17035,PERNOD RICARD USA          
68_SOLARIS_15552,68,15552,Senda 66 Tempranillo,750mL,1,11.99,11.99,1/9/2016,750,2,0.11,10754,PERFECTA WINES             
78_EASTHAVEN_24002,78,24002,Corbett Canyon Chard,1.5L,4,27.96,6.99,1/26/2016,1500,2,0.9,9815,WINE GROUP INC             
7_STANMORE_11141,7,11141,C K Mondavi Chard,1.5L,4,39.96,9.99,1/20/2016,1500,2,0.9,2000,SOUTHERN WINE & SPIRITS NE 
75_BARNCOMBE_4343,75,4343,Cruzan Blueberry Lemonade,750mL,1,9.99,9.99,1/24/2016,750,1,0.79,12546,JIM BEAM BRANDS COMPANY    
15_WANBORNE_8345,15,8345,R M Woodbridge Cab Svgn Cal,750mL,6,47.94,7.99,1/15/2016,750,2,0.68,1392,CONSTELLATION BRANDS INC   
4_EANVERNESS_32989,4,32989,Barefoot Cab Svgn Cal,1.5L,1,10.99,10.99,1/11/2016,1500,2,0.22,3252,E & J GALLO WINERY         
37_PAETHSMOUTH_2114,37,2114,Black Velvet Canadian Whisky,1.75L,1,12.99,12.99,1/9/2016,1750,1,1.84,1392,CONSTELLATION BRANDS INC   
70_KELD_497,70,497,Capt Morgan Spiced Rum,Liter,2,39.98,19.99,1/16/2016,1000,1,2.1,3960,DIAGEO NORTH AMERICA INC   
74_PAENTMARWY_6876,74,6876,Sutter Home Clsc Chard,187mL 4 Pk,1,5.99,5.99,1/15/2016,187,2,0.03,8892,TRINCHERO FAMILY ESTATES   
74_PAENTMARWY_3197,74,3197,Pinnacle Vodka 100 Proof,1.75L,1,20.99,20.99,1/3/2016,1750,1,1.84,12546,JIM BEAM BRANDS COMPANY    
14_BROMWICH_4130,14,4130,Kraken Black Spiced Rum,375mL,1,10.99,10.99,1/10/2016,375,1,0.39,7245,PROXIMO SPIRITS INC.       
59_CLAETHORPES_16326,59,16326,Black Box Cab Svgn,500mL,1,4.99,4.99,1/9/2016,500,2,0.08,1392,CONSTELLATION BRANDS INC   
13_TARMSWORTH_6655,13,6655,Carlo Rossi Paisano Calif,1.5L,6,41.94,6.99,2/25/2016,1500,2,1.35,3252,E & J GALLO WINERY         
13_TARMSWORTH_1663,13,1663,Jim Beam Maple,50mL,2,1.98,0.99,1/30/2016,50,1,0.1,12546,JIM BEAM BRANDS COMPANY    
20_BREDWARDINE_5058,20,5058,Capt Morgan Long Isl Tea RTD,1.75L,1,17.99,17.99,1/29/2016,1750,1,1.84,3960,DIAGEO NORTH AMERICA INC   
18_FURNESS_5404,18,5404,E & J Superior Rsv VSOP,375mL,1,5.49,5.49,2/9/2016,375,1,0.39,3252,E & J GALLO WINERY         
38_GOULCREST_4343,38,4343,Cruzan Blueberry Lemonade,750mL,1,9.99,9.99,1/14/2016,750,1,0.79,12546,JIM BEAM BRANDS COMPANY    
76_DONCASTER_14622,76,14622,La Marca Prosecco,750mL,9,125.91,13.99,1/22/2016,750,2,1.01,3252,E & J GALLO WINERY         
22_SHARNWICK_6590,22,6590,Almaden B/B Wh Znfdl Cal,5L,3,50.97,16.99,1/9/2016,5000,2,2.25,9815,WINE GROUP INC             
23_ARBINGTON_4370,23,4370,Ron Virgin White,1.75L,1,12.99,12.99,1/17/2016,1750,1,1.84,9552,M S WALKER INC             
62_KILMARNOCK_3625,62,3625,Absolut 80 Proof,750mL,4,71.96,17.99,1/9/2016,750,1,3.15,17035,PERNOD RICARD USA          
11_CARDEND_4447,11,4447,Patron XO Cafe Dark Cocoa,750mL,2,51.98,25.99,1/3/2016,750,1,1.57,9165,ULTRA BEVERAGE COMPANY LLP 
73_DONCASTER_37904,73,37904,Trapiche Broquel Mndz Malbec,750mL,2,23.98,11.99,1/7/2016,750,2,0.22,9815,WINE GROUP INC             
7_STANMORE_40666,7,40666,Bolla Chianti,750mL,12,119.88,9.99,1/4/2016,750,2,1.35,516,BANFI PRODUCTS CORP        
65_LUTON_5828,65,5828,Ryans Irish Cream,750mL,3,32.97,10.99,1/30/2016,750,1,2.36,8004,SAZERAC CO INC             
54_GUTHRAM_38888,54,38888,Justin Cab Svgn Paso Robles,750mL,1,27.99,27.99,1/27/2016,750,2,0.11,9552,M S WALKER INC             
16_LUNDY_3913,16,3913,Svedka Vodka,1.75L,1,17.99,17.99,1/9/2016,1750,1,1.84,1392,CONSTELLATION BRANDS INC   
53_HILLFAR_1379,53,1379,Jim Beam Traveler,750mL,1,14.49,14.49,1/12/2016,750,1,0.79,12546,JIM BEAM BRANDS COMPANY    
60_IRRAGIN_21277,60,21277,Nicholson Ranch Chard Son Ct,750mL,2,39.98,19.99,1/23/2016,750,2,0.22,4425,MARTIGNETTI COMPANIES
33_HORNSEY_3345,33,3345,Bombay Sapphire Gin,50mL,6,11.94,1.99,1/30/2016,50,1,0.32,480,BACARDI USA INC            
48_NORFOLK_10420,48,10420,Barefoot Moscato Cal,750mL,1,6.29,6.29,1/22/2016,750,2,0.11,3252,E & J GALLO WINERY         
22_SHARNWICK_16794,22,16794,Freakshow Cab Svgn,750mL,1,17.99,17.99,1/2/2016,750,2,0.11,4425,MARTIGNETTI COMPANIES
41_LARNWICK_4265,41,4265,Capt Morgan Spiced Rum,375mL,1,10.99,10.99,1/23/2016,375,1,0.39,3960,DIAGEO NORTH AMERICA INC   
73_DONCASTER_20968,73,20968,Ninety+Cellars Lot 113 B Red,750mL,4,35.96,8.99,1/15/2016,750,2,0.45,4950,LATITUDE BEVERAGE COMPANY  
74_PAENTMARWY_3154,74,3154,New Amsterdam Peach Vodka,750mL,1,9.99,9.99,1/30/2016,750,1,0.79,3252,E & J GALLO WINERY         
44_PORTHCRAWL_44511,44,44511,MacMurray Ranch C Cst Pnt Nr,750mL,2,33.98,16.99,1/11/2016,750,2,0.22,3252,E & J GALLO WINERY         
7_STANMORE_8159,7,8159,Jose Cuervo Especial,1.75L,2,51.98,25.99,1/10/2016,1750,1,3.67,7245,PROXIMO SPIRITS INC.       
42_BLACK HOLLOW_35413,42,35413,Yellow Tail Shiraz Ausl,750mL,2,13.98,6.99,1/30/2016,750,2,0.22,4425,MARTIGNETTI COMPANIES
33_HORNSEY_1382,33,1382,Makers 46,750mL,1,41.99,41.99,1/9/2016,750,1,0.79,12546,JIM BEAM BRANDS COMPANY    
47_PELLA'S WISH_19164,47,19164,Tracia Malbec,750mL,1,5.99,5.99,1/10/2016,750,2,0.11,9165,ULTRA BEVERAGE COMPANY LLP 
62_KILMARNOCK_5694,62,5694,Ice Box Mudslide,1.75L,1,11.99,11.99,1/15/2016,1750,1,1.84,8004,SAZERAC CO INC             
14_BROMWICH_5489,14,5489,DeKuyper Hot Damn Cinnamon,750mL,2,21.98,10.99,2/20/2016,750,1,1.57,12546,JIM BEAM BRANDS COMPANY    
76_DONCASTER_3662,76,3662,Three Olives Blueberry Vodka,750mL,1,11.99,11.99,1/1/2016,750,1,0.79,7245,PROXIMO SPIRITS INC.       
66_EANVERNESS_11219,66,11219,Josh Cellars Cab Svgn Sonoma,750mL,5,74.95,14.99,1/30/2016,750,2,0.56,4425,MARTIGNETTI COMPANIES
38_GOULCREST_4938,38,4938,Kapali Coffee,750mL,2,17.98,8.99,1/16/2016,750,1,1.57,8004,SAZERAC CO INC             
47_PELLA'S WISH_3221,47,3221,Pinnacle Raspberry Vodka,750mL,1,10.99,10.99,1/27/2016,750,1,0.79,12546,JIM BEAM BRANDS COMPANY    
11_CARDEND_2788,11,2788,Laphroaig 10 Yr Single Malt,750mL,2,89.98,44.99,1/30/2016,750,1,1.57,12546,JIM BEAM BRANDS COMPANY    
38_GOULCREST_32648,38,32648,Beringer Classic Wh Znfdl,1.5L,13,103.87,7.99,1/2/2016,1500,2,2.92,9819,TREASURY WINE ESTATES      
79_BALLYMENA_676,79,676,Pinnacle Whipped Vodka,750mL,1,12.99,12.99,1/16/2016,750,1,0.79,12546,JIM BEAM BRANDS COMPANY    
54_GUTHRAM_4268,54,4268,Capt Morgan Private Stock,750mL,1,22.99,22.99,1/16/2016,750,1,0.79,3960,DIAGEO NORTH AMERICA INC   
73_DONCASTER_39631,73,39631,Red Truck Cal,750mL,1,7.99,7.99,1/26/2016,750,2,0.11,4425,MARTIGNETTI COMPANIES
30_CULCHETH_2114,30,2114,Black Velvet Canadian Whisky,1.75L,3,38.97,12.99,1/15/2016,1750,1,5.51,1392,CONSTELLATION BRANDS INC   
79_BALLYMENA_14393,79,14393,Ch Montaud Cotes de Prov Rse,750mL,1,11.99,11.99,1/22/2016,750,2,0.11,7153,PINE STATE TRADING CO      
33_HORNSEY_8110,33,8110,Tribuno Dry Vermouth,1.5L,1,8.99,8.99,1/13/2016,1500,1,1.57,9815,WINE GROUP INC             
73_DONCASTER_22289,73,22289,Pichot Dom Moriette Vouvray,750mL,1,14.99,14.99,1/29/2016,750,2,0.11,1587,VINEYARD BRANDS INC        
69_MOUNTMEND_6461,69,6461,Blood Orange Liqueur,750mL,3,43.47,14.49,1/31/2016,750,1,2.36,9165,ULTRA BEVERAGE COMPANY LLP 
15_WANBORNE_3693,15,3693,Smirnoff Ruby Red Grapefruit,750mL,1,12.99,12.99,2/2/2016,750,1,0.79,3960,DIAGEO NORTH AMERICA INC   
17_OLDHAM_8118,17,8118,Mr Boston Blackberry Brandy,750mL,1,6.99,6.99,1/18/2016,750,1,0.79,660,SAZERAC NORTH AMERICA INC. 
1_HARDERSFIELD_4066,1,4066,Bacardi Oakheart Spiced Rum,1.75L,1,19.99,19.99,2/25/2016,1750,1,1.84,480,BACARDI USA INC            
69_MOUNTMEND_45332,69,45332,Cono Sur Pnt Nr Rapel,750mL,3,20.97,6.99,1/29/2016,750,2,0.34,1587,VINEYARD BRANDS INC        
38_GOULCREST_8910,38,8910,Finlandia Vodka,50mL,27,26.73,0.99,1/13/2016,50,1,1.42,1128,BROWN-FORMAN CORP          
24_PALPERROTH_3505,24,3505,Tito's Handmade Vodka,750mL,2,43.98,21.99,1/24/2016,750,1,1.57,4425,MARTIGNETTI COMPANIES
68_SOLARIS_31202,68,31202,Beringer Fndrs Est Chard,750mL,2,17.98,8.99,1/2/2016,750,2,0.22,9819,TREASURY WINE ESTATES      
21_BALERNO_6349,21,6349,Glen Ellen Chard RSV,1.5L,8,55.92,6.99,1/28/2016,1500,2,1.8,9815,WINE GROUP INC             
19_WINTERVALE_11213,19,11213,Meiomi Pnt Nr,750mL,2,43.98,21.99,1/15/2016,750,2,0.22,1392,CONSTELLATION BRANDS INC   
2_ASHBORNE_8068,2,8068,Absolut 80 Proof,1.75L,4,103.96,25.99,1/13/2016,1750,1,7.35,17035,PERNOD RICARD USA          
76_DONCASTER_20699,76,20699,Fantini Monteplciano D'Abruz,750mL,1,11.99,11.99,1/18/2016,750,2,0.11,4425,MARTIGNETTI COMPANIES
54_GUTHRAM_12994,54,12994,Acrobat Pnt Gris Oregon,750mL,2,23.98,11.99,1/11/2016,750,2,0.22,4425,MARTIGNETTI COMPANIES
34_PITMERDEN_15426,34,15426,Voga Moscato Italia,750mL,1,11.99,11.99,1/31/2016,750,2,0.11,9552,M S WALKER INC             
27_MOUNTMEND_7878,27,7878,Allens Coffee Brandy,1.75L,2,31.98,15.99,1/29/2016,1750,1,3.67,9552,M S WALKER INC             
4_EANVERNESS_4181,4,4181,Calypso Spiced Rum,1.75L,3,35.97,11.99,1/2/2016,1750,1,5.51,660,SAZERAC NORTH AMERICA INC. 
33_HORNSEY_22583,33,22583,Cambria Julias Vyd Pnt Nr,750mL,1,19.99,19.99,1/23/2016,750,2,0.11,9552,M S WALKER INC             
38_GOULCREST_2721,38,2721,Johnnie Walker Green Label,750mL,1,59.99,59.99,1/6/2016,750,1,0.79,3960,DIAGEO NORTH AMERICA INC   
50_MOUNTMEND_5270,50,5270,Southern Comfort,50mL,1,1.99,1.99,1/6/2016,50,1,0.05,1128,BROWN-FORMAN CORP          
54_GUTHRAM_6937,54,6937,Cavit Pinot Grigio,1.5L,1,14.99,14.99,1/30/2016,1500,2,0.22,6785,PALM BAY INTERNATIONAL INC 
6_GOULCREST_3899,6,3899,Platinum 7X Distilled Vodka,375mL,1,3.99,3.99,1/3/2016,375,1,0.39,8004,SAZERAC CO INC             
15_WANBORNE_1867,15,1867,Jack Daniels Tennessee Honey,50mL,1,2.99,2.99,1/5/2016,50,1,0.05,1128,BROWN-FORMAN CORP          
54_GUTHRAM_2152,54,2152,New Amsterdam Gin,750mL,1,9.99,9.99,1/8/2016,750,1,0.79,3252,E & J GALLO WINERY         
34_PITMERDEN_19947,34,19947,Josh Cellars Svgn Bl,750mL,2,27.98,13.99,1/16/2016,750,2,0.22,4425,MARTIGNETTI COMPANIES
12_LEESIDE_4563,12,4563,Christian Bros Brandy,1.75L,1,16.99,16.99,1/17/2016,1750,1,1.84,3924,HEAVEN HILL DISTILLERIES   
76_DONCASTER_44943,76,44943,Sanford Santa Barbara Chard,750mL,1,15.99,15.99,1/26/2016,750,2,0.11,4425,MARTIGNETTI COMPANIES
46_TYWARDREATH_2127,46,2127,Canadian Ltd,1.75L,3,31.47,10.49,1/1/2016,1750,1,5.51,660,SAZERAC NORTH AMERICA INC. 
40_BULLMAR_4261,40,4261,Capt Morgan Spiced Rum,1.75L,9,197.91,21.99,1/30/2016,1750,1,16.54,3960,DIAGEO NORTH AMERICA INC   
56_BEGGAR'S HOLE_1892,56,1892,Yukon Jack,50mL,4,3.96,0.99,1/8/2016,50,1,0.21,3960,DIAGEO NORTH AMERICA INC   
9_BLACKPOOL_8725,9,8725,Chambord Royale de France,375mL,1,17.99,17.99,1/22/2016,375,1,0.39,1128,BROWN-FORMAN CORP          
22_SHARNWICK_6145,22,6145,Marcus James Cab Svgn Mendza,1.5L,1,8.99,8.99,1/27/2016,1500,2,0.22,1392,CONSTELLATION BRANDS INC   
22_SHARNWICK_3636,22,3636,Dr McGillicuddy's Mentholmnt,375mL,6,38.94,6.49,1/26/2016,375,1,2.36,8004,SAZERAC CO INC             
52_GRAYCOTT_3896,52,3896,Zhenka Vodka,375mL,1,3.29,3.29,1/18/2016,375,1,0.39,9552,M S WALKER INC             
20_BREDWARDINE_3158,20,3158,Pinnacle Tropical Punch,1.75L,2,33.98,16.99,1/29/2016,1750,1,3.67,12546,JIM BEAM BRANDS COMPANY    
38_GOULCREST_17596,38,17596,Pink Flamingo Rose,750mL,2,27.98,13.99,1/12/2016,750,2,0.22,1601,VRANKEN AMERICA            
31_HORNSEY_4563,31,4563,Christian Bros Brandy,1.75L,1,16.99,16.99,1/7/2016,1750,1,1.84,3924,HEAVEN HILL DISTILLERIES   
70_KELD_37731,70,37731,Corbett Canyon Chard,3L,1,12.99,12.99,1/8/2016,3000,2,0.45,9815,WINE GROUP INC             
73_DONCASTER_16568,73,16568,Moonlight Meadery Sumptuous,375mL,1,12.99,12.99,1/30/2016,375,2,0.06,6215,MOONLIGHT MEADERY          
20_BREDWARDINE_5170,20,5170,Dr McGillicuddy's Apple Pie,750mL,2,27.98,13.99,1/15/2016,750,1,1.57,8004,SAZERAC CO INC             
55_DRY GULCH_14805,55,14805,Ninety+Cellars Lot 23 Malbec,750mL,1,8.99,8.99,1/5/2016,750,2,0.11,4950,LATITUDE BEVERAGE COMPANY  
77_TAMWORTH_3683,77,3683,Stolichnaya Ohranj,750mL,1,17.99,17.99,1/22/2016,750,1,0.79,8664,"STOLI GROUP,(USA) LLC      "
6_GOULCREST_861,6,861,Barton Gin,Liter,3,19.47,6.49,1/14/2016,1000,1,3.15,660,SAZERAC NORTH AMERICA INC. 
17_OLDHAM_2585,17,2585,Jameson Irish Whiskey,750mL,2,47.98,23.99,1/16/2016,750,1,1.57,17035,PERNOD RICARD USA          
1_HARDERSFIELD_27350,1,27350,Almaden Cab Svgn Cal B/B,5L,1,15.99,15.99,2/27/2016,5000,2,0.75,9815,WINE GROUP INC             
46_TYWARDREATH_3545,46,3545,Ketel One Vodka,1.75L,4,119.96,29.99,1/22/2016,1750,1,7.35,3960,DIAGEO NORTH AMERICA INC   
49_GARIGILL_3162,49,3162,Burnett's Peach Vodka,50mL,1,0.99,0.99,1/1/2016,50,1,0.05,3924,HEAVEN HILL DISTILLERIES   
10_HORNSEY_6692,10,6692,Jaboulet Cotes du Rhone Par,750mL,1,9.95,9.95,1/13/2016,750,2,0.11,9744,FREDERICK WILDMAN & SONS   
66_EANVERNESS_8458,66,8458,Agave Underground Tequila,750mL,1,39.99,39.99,1/16/2016,750,1,0.79,10754,PERFECTA WINES             
67_EANVERNESS_2418,67,2418,Crown Royal Regal Apple,750mL,2,45.98,22.99,1/14/2016,750,1,1.57,3960,DIAGEO NORTH AMERICA INC   
78_EASTHAVEN_24829,78,24829,Cecchi Chianti Classico,750mL,1,10.99,10.99,1/11/2016,750,2,0.11,9165,ULTRA BEVERAGE COMPANY LLP 
69_MOUNTMEND_3488,69,3488,Tanqueray,750mL,1,21.99,21.99,1/18/2016,750,1,0.79,3960,DIAGEO NORTH AMERICA INC   
69_MOUNTMEND_46098,69,46098,Ch Ste Michelle Rsl Dry Colu,750mL,1,11.99,11.99,1/21/2016,750,2,0.11,8673,STE MICHELLE WINE ESTATES  
72_HARDERSFIELD_5254,72,5254,DeKuyper Buttershots Schnpps,750mL,1,10.99,10.99,1/1/2016,750,1,0.79,12546,JIM BEAM BRANDS COMPANY    
10_HORNSEY_20406,10,20406,Tenuta Santo Pietro Percept,750mL,1,21.99,21.99,1/13/2016,750,2,0.11,7255,PSP WINES 
74_PAENTMARWY_4682,74,4682,Courvoisier VSOP Cognac,750mL,1,34.99,34.99,1/6/2016,750,1,0.79,12546,JIM BEAM BRANDS COMPANY    
16_LUNDY_27854,16,27854,F Coppola Black Label Claret,750mL,2,25.9,12.95,2/6/2016,750,2,0.22,2000,SOUTHERN WINE & SPIRITS NE 
12_LEESIDE_17177,12,17177,Beringer Classic Merlot,1.5L,2,19.98,9.99,2/10/2016,1500,2,0.45,9819,TREASURY WINE ESTATES      
10_HORNSEY_5401,10,5401,Jagermeister Liqueur,200mL,2,11.98,5.99,1/13/2016,200,1,0.42,3089,SIDNEY FRANK IMPORTING CO  
34_PITMERDEN_33582,34,33582,Villa Cornaro Prosecco Del,750mL,1,12.99,12.99,1/17/2016,750,2,0.11,4425,MARTIGNETTI COMPANIES
17_OLDHAM_6682,17,6682,R M Woodbridge Chard Cal,1.5L,1,11.99,11.99,2/15/2016,1500,2,0.22,1392,CONSTELLATION BRANDS INC   
66_EANVERNESS_23235,66,23235,Mud House Svgn Bl,750mL,12,131.88,10.99,1/16/2016,750,2,1.35,2000,SOUTHERN WINE & SPIRITS NE 
66_EANVERNESS_18788,66,18788,Triton Avante Mencia,750mL,1,14.99,14.99,1/16/2016,750,2,0.11,9552,M S WALKER INC             
9_BLACKPOOL_6234,9,6234,C Y Toro Front Cab/Merlot,1.5L,1,7.99,7.99,1/23/2016,1500,2,0.22,516,BANFI PRODUCTS CORP        
17_OLDHAM_6575,17,6575,Kendall Jackson RSV Svgn Bl,750mL,1,11.99,11.99,1/9/2016,750,2,0.11,10000,MAJESTIC FINE WINES        
28_LARNWICK_3696,28,3696,Gilbeys Vodka,1.75L,1,10.49,10.49,1/17/2016,1750,1,1.84,12546,JIM BEAM BRANDS COMPANY    
19_WINTERVALE_5457,19,5457,After Shock Hot & Cool Cinmn,50mL,1,1.99,1.99,1/18/2016,50,1,0.05,12546,JIM BEAM BRANDS COMPANY    
9_BLACKPOOL_3488,9,3488,Tanqueray,750mL,2,43.98,21.99,1/5/2016,750,1,1.57,3960,DIAGEO NORTH AMERICA INC   
71_CLARCTON_2973,71,2973,Eagle Rare Single Barrel Bo,750mL,1,27.99,27.99,1/10/2016,750,1,0.79,8004,SAZERAC CO INC             
51_ABERDEEN_6213,51,6213,Taylor Red Port,1.5L,1,7.99,7.99,1/17/2016,1500,2,0.22,1392,CONSTELLATION BRANDS INC   
32_MOUNTMEND_31320,32,31320,La Vieille Ferme Rose Vntoux,750mL,1,8.99,8.99,1/24/2016,750,2,0.11,1587,VINEYARD BRANDS INC        
59_CLAETHORPES_5364,59,5364,Kahlua,1.75L,2,59.98,29.99,1/2/2016,1750,1,3.67,17035,PERNOD RICARD USA          
39_EASTHALLOW_28147,39,28147,Kris Pnt Grigio Alto Adige,750mL,2,25.98,12.99,1/28/2016,750,2,0.22,2000,SOUTHERN WINE & SPIRITS NE 
71_CLARCTON_8424,71,8424,1800 Coconut Tequila,750mL,1,26.99,26.99,1/31/2016,750,1,0.79,7245,PROXIMO SPIRITS INC.       
14_BROMWICH_3568,14,3568,Pearl Cucumber Vodka,50mL,2,1.98,0.99,1/22/2016,50,1,0.1,8352,LUXCO INC                  
42_BLACK HOLLOW_1962,42,1962,Jim Beam Apple,750mL,1,14.49,14.49,1/26/2016,750,1,0.79,12546,JIM BEAM BRANDS COMPANY    
49_GARIGILL_5491,49,5491,Rumpleminze,50mL,9,17.91,1.99,1/6/2016,50,1,0.47,3960,DIAGEO NORTH AMERICA INC   
76_DONCASTER_3764,76,3764,Patron Reposado Tequila,375mL,1,26.99,26.99,1/3/2016,375,1,0.39,9165,ULTRA BEVERAGE COMPANY LLP 
1_HARDERSFIELD_4798,1,4798,Sambuca Romana Liqueur,50mL,1,1.99,1.99,2/24/2016,50,1,0.05,3960,DIAGEO NORTH AMERICA INC   
1_HARDERSFIELD_7991,1,7991,Stock Italian X Dry Vermouth,1.5L,1,9.99,9.99,2/15/2016,1500,1,1.57,8352,LUXCO INC                  
79_BALLYMENA_5735,79,5735,Malibu Rum,750mL,2,25.98,12.99,1/30/2016,750,1,1.57,17035,PERNOD RICARD USA          
13_TARMSWORTH_6960,13,6960,Cooks Brut,750mL,1,7.99,7.99,1/28/2016,750,2,0.11,1392,CONSTELLATION BRANDS INC   
11_CARDEND_24310,11,24310,Hi! Prosecco,750mL,1,12.99,12.99,1/21/2016,750,2,0.11,10754,PERFECTA WINES             
3_HORNSEY_5101,3,5101,Dr McGillicuddy's Mentholmnt,750mL,1,13.99,13.99,1/19/2016,750,1,0.79,8004,SAZERAC CO INC             
50_MOUNTMEND_126,50,126,Grey Goose Vodka,Liter,9,269.91,29.99,1/2/2016,1000,1,9.45,480,BACARDI USA INC            
22_SHARNWICK_1921,22,1921,Glenfiddich Special Rsv 12,1.75L,1,67.99,67.99,1/1/2016,1750,1,1.84,3664,WILLIAM GRANT & SONS INC   
11_CARDEND_3253,11,3253,Gilbeys London Dry,1.75L,5,62.45,12.49,2/5/2016,1750,1,9.19,12546,JIM BEAM BRANDS COMPANY    
7_STANMORE_14701,7,14701,Cupcake Red Velvet,750mL,1,8.49,8.49,1/6/2016,750,2,0.11,9815,WINE GROUP INC             
71_CLARCTON_41714,71,41714,Fish Eye Pnt Grigio,750mL,1,5.99,5.99,1/3/2016,750,2,0.11,9815,WINE GROUP INC             
19_WINTERVALE_3405,19,3405,Tito's Handmade Vodka,1.75L,4,119.96,29.99,1/9/2016,1750,1,7.35,4425,MARTIGNETTI COMPANIES
6_GOULCREST_8096,6,8096,Beefeater Gin,50mL,4,7.96,1.99,1/31/2016,50,1,0.21,17035,PERNOD RICARD USA          
19_WINTERVALE_16794,19,16794,Freakshow Cab Svgn,750mL,1,18.99,18.99,2/17/2016,750,2,0.11,4425,MARTIGNETTI COMPANIES
47_PELLA'S WISH_8599,47,8599,Jenkins Amaretto,750mL,5,29.95,5.99,1/15/2016,750,1,3.94,9552,M S WALKER INC             
60_IRRAGIN_5725,60,5725,DeKuyper Sour Apple Pucker,750mL,2,21.98,10.99,1/16/2016,750,1,1.57,12546,JIM BEAM BRANDS COMPANY    
47_PELLA'S WISH_8627,47,8627,Jadot Beaujolais Villages,750mL,1,9.99,9.99,1/25/2016,750,2,0.11,4692,KOBRAND CORPORATION        
1_HARDERSFIELD_5661,1,5661,Dr McGillicuddy's Root Beer,750mL,1,13.99,13.99,1/7/2016,750,1,0.79,8004,SAZERAC CO INC             
41_LARNWICK_5232,41,5232,DeKuyper Buttershots Schnaps,1.75L,1,16.99,16.99,1/5/2016,1750,1,1.84,12546,JIM BEAM BRANDS COMPANY    
7_STANMORE_23249,7,23249,Rosemount Gewurz/Rsl,750mL,1,9.99,9.99,1/2/2016,750,2,0.11,4425,MARTIGNETTI COMPANIES
35_HALIVAARA_2148,35,2148,Canadian Mist Traveler,750mL,2,15.98,7.99,1/2/2016,750,1,1.57,1128,BROWN-FORMAN CORP          
76_DONCASTER_4148,76,4148,Fattoria de Limone,750mL,1,15.99,15.99,1/29/2016,750,1,0.79,10754,PERFECTA WINES             
67_EANVERNESS_21834,67,21834,Meiomi Chard,750mL,2,35.98,17.99,1/31/2016,750,2,0.22,1392,CONSTELLATION BRANDS INC   
32_MOUNTMEND_5403,32,5403,Amaretto di Amore,750mL,2,19.98,9.99,1/22/2016,750,1,1.57,660,SAZERAC NORTH AMERICA INC. 
67_EANVERNESS_25932,67,25932,Gabbiano Chianti Clsc,750mL,2,19.98,9.99,1/31/2016,750,2,0.22,9819,TREASURY WINE ESTATES      
31_HORNSEY_497,31,497,Capt Morgan Spiced Rum,Liter,20,399.8,19.99,1/20/2016,1000,1,21.0,3960,DIAGEO NORTH AMERICA INC   
14_BROMWICH_2975,14,2975,Bird Dog Blackberry Whiskey,750mL,1,14.99,14.99,1/5/2016,750,1,0.79,9625,WESTERN SPIRITS BEVERAGE CO
73_DONCASTER_15194,73,15194,Billecart-Salmon Brut Rose,750mL,1,75.99,75.99,1/1/2016,750,2,0.11,10754,PERFECTA WINES             
36_LEWES_3545,36,3545,Ketel One Vodka,1.75L,1,29.99,29.99,1/29/2016,1750,1,1.84,3960,DIAGEO NORTH AMERICA INC   
53_HILLFAR_1623,53,1623,Bulleit 95 Rye,375mL,1,14.99,14.99,1/25/2016,375,1,0.39,3960,DIAGEO NORTH AMERICA INC   
10_HORNSEY_2890,10,2890,Four Roses Bourbon,750mL,1,26.99,26.99,2/4/2016,750,1,0.79,9552,M S WALKER INC             
24_PALPERROTH_8726,24,8726,Baileys Irish Cream,50mL,2,3.98,1.99,1/31/2016,50,1,0.1,3960,DIAGEO NORTH AMERICA INC   
67_EANVERNESS_41213,67,41213,A to Z Pnt Nr Ore,750mL,1,17.99,17.99,1/3/2016,750,2,0.11,9165,ULTRA BEVERAGE COMPANY LLP 
66_EANVERNESS_8023,66,8023,DeKuyper Triple Sec,750mL,3,14.97,4.99,1/17/2016,750,1,2.36,12546,JIM BEAM BRANDS COMPANY    
54_GUTHRAM_3677,54,3677,Shady Fruit Valencia Orange,750mL,1,11.99,11.99,1/8/2016,750,1,0.79,3960,DIAGEO NORTH AMERICA INC   
56_BEGGAR'S HOLE_41159,56,41159,Phillips Earthquake Ld Znfdl,750mL,3,77.97,25.99,1/26/2016,750,2,0.34,4425,MARTIGNETTI COMPANIES
15_WANBORNE_25711,15,25711,Alexander Vly Vyd Cab Svgn,750mL,4,79.96,19.99,2/1/2016,750,2,0.45,7153,PINE STATE TRADING CO      
31_HORNSEY_3630,31,3630,Stolichnaya Razberi,1.75L,2,53.98,26.99,1/6/2016,1750,1,3.67,8664,"STOLI GROUP,(USA) LLC      "
1_HARDERSFIELD_3300,1,3300,Smirnoff Sorbet Mango/Pasion,50mL,5,4.95,0.99,1/21/2016,50,1,0.26,3960,DIAGEO NORTH AMERICA INC   
66_EANVERNESS_32831,66,32831,Carpineto Dogajolo Tuscan Rd,750mL,10,99.9,9.99,1/8/2016,750,2,1.12,9165,ULTRA BEVERAGE COMPANY LLP 
39_EASTHALLOW_24419,39,24419,Bonterra Mendocino Org Chard,750mL,2,23.98,11.99,1/28/2016,750,2,0.22,9165,ULTRA BEVERAGE COMPANY LLP 
15_WANBORNE_23271,15,23271,Darkhorse Merlot,750mL,1,7.99,7.99,1/27/2016,750,2,0.11,3252,E & J GALLO WINERY         
13_TARMSWORTH_8103,13,8103,Sauza Gold Tequila,50mL,5,4.95,0.99,1/29/2016,50,1,0.26,12546,JIM BEAM BRANDS COMPANY    
15_WANBORNE_44915,15,44915,Broadbent Vinho Verde Wh,750mL,8,95.92,11.99,1/21/2016,750,2,0.9,90024,VINILANDIA USA             
76_DONCASTER_29352,76,29352,Elk Cove Pnt Gris Ore,750mL,2,37.98,18.99,1/6/2016,750,2,0.22,4425,MARTIGNETTI COMPANIES
16_LUNDY_5365,16,5365,Kahlua,750mL,1,19.99,19.99,2/27/2016,750,1,0.79,17035,PERNOD RICARD USA          
75_BARNCOMBE_2127,75,2127,Canadian Ltd,1.75L,2,20.98,10.49,1/27/2016,1750,1,3.67,660,SAZERAC NORTH AMERICA INC. 
67_EANVERNESS_24771,67,24771,Les Darons Lang J Carrel Rou,750mL,1,12.99,12.99,1/14/2016,750,2,0.11,10754,PERFECTA WINES             
55_DRY GULCH_24829,55,24829,Cecchi Chianti Classico,750mL,1,10.99,10.99,1/17/2016,750,2,0.11,9165,ULTRA BEVERAGE COMPANY LLP 
66_EANVERNESS_40051,66,40051,Concannon Select Vyds Pnt Nr,750mL,1,7.99,7.99,1/3/2016,750,2,0.11,9815,WINE GROUP INC             
73_DONCASTER_8135,73,8135,Choco Lat Liqueur,750mL,2,21.98,10.99,1/27/2016,750,1,1.57,9552,M S WALKER INC             
78_EASTHAVEN_4959,78,4959,Bacardi Tangerine,50mL,2,1.98,0.99,1/6/2016,50,1,0.1,480,BACARDI USA INC            
59_CLAETHORPES_23950,59,23950,Ch Haut-Robert 10,750mL,2,21.98,10.99,1/23/2016,750,2,0.22,7153,PINE STATE TRADING CO      
72_HARDERSFIELD_23595,72,23595,Almaden Burgundy B/B,5L,1,16.99,16.99,1/6/2016,5000,2,0.75,9815,WINE GROUP INC             
42_BLACK HOLLOW_8023,42,8023,DeKuyper Triple Sec,750mL,1,4.99,4.99,1/24/2016,750,1,0.79,12546,JIM BEAM BRANDS COMPANY    
40_BULLMAR_5872,40,5872,Godiva Chocolate Liqueur,50mL,2,5.98,2.99,1/26/2016,50,1,0.1,3960,DIAGEO NORTH AMERICA INC   
77_TAMWORTH_1380,77,1380,Bulleit 95 Rye,1.75L,1,49.99,49.99,1/30/2016,1750,1,1.84,3960,DIAGEO NORTH AMERICA INC   
76_DONCASTER_19940,76,19940,Bogle Petite Sirah,750mL,2,27.98,13.99,1/14/2016,750,2,0.22,4425,MARTIGNETTI COMPANIES
76_DONCASTER_14393,76,14393,Ch Montaud Cotes de Prov Rse,750mL,2,23.98,11.99,1/23/2016,750,2,0.22,7153,PINE STATE TRADING CO      
59_CLAETHORPES_18152,59,18152,Banfi Centine Mntcln Tscna,750mL,3,23.97,7.99,1/26/2016,750,2,0.34,516,BANFI PRODUCTS CORP        
50_MOUNTMEND_4296,50,4296,Ronrico Silver Rum,1.75L,1,12.99,12.99,1/23/2016,1750,1,1.84,12546,JIM BEAM BRANDS COMPANY    
56_BEGGAR'S HOLE_7969,56,7969,Sandeman Founders RSV Port,750mL,1,14.99,14.99,1/17/2016,750,2,0.11,17035,PERNOD RICARD USA          
69_MOUNTMEND_4219,69,4219,Commander Quincy's Rum Toddy,750mL,1,13.99,13.99,1/22/2016,750,1,0.79,7153,PINE STATE TRADING CO      
13_TARMSWORTH_3614,13,3614,Finlandia Vodka,1.75L,3,68.97,22.99,2/2/2016,1750,1,5.51,1128,BROWN-FORMAN CORP          
55_DRY GULCH_5356,55,5356,Kahlua,375mL,1,9.99,9.99,1/28/2016,375,1,0.39,17035,PERNOD RICARD USA          
19_WINTERVALE_15393,19,15393,Cupcake Pnt Grigio,750mL,4,31.96,7.99,2/8/2016,750,2,0.45,9815,WINE GROUP INC             
76_DONCASTER_18568,76,18568,A by Acacia Unoaked Chard Ca,750mL,1,9.99,9.99,1/23/2016,750,2,0.11,1590,DIAGEO CHATEAU ESTATE WINES
79_BALLYMENA_8368,79,8368,Bacardi Superior Rum,100mL,5,9.95,1.99,1/18/2016,100,1,0.52,480,BACARDI USA INC            
6_GOULCREST_2517,6,2517,Balvenie 14 Yr Caribean Cask,750mL,1,67.99,67.99,1/16/2016,750,1,0.79,3664,WILLIAM GRANT & SONS INC   
60_IRRAGIN_18856,60,18856,Barefoot Refresh Sweet White,750mL,1,5.99,5.99,1/6/2016,750,2,0.11,3252,E & J GALLO WINERY         
2_ASHBORNE_3243,2,3243,Burnetts Vodka,1.75L,1,12.49,12.49,1/16/2016,1750,1,1.84,3924,HEAVEN HILL DISTILLERIES   
13_TARMSWORTH_661,13,661,Red Stag by Jim Beam,750mL,2,28.98,14.49,2/14/2016,750,1,1.57,12546,JIM BEAM BRANDS COMPANY    
66_EANVERNESS_2723,66,2723,J & B Rare,1.75L,1,29.99,29.99,1/3/2016,1750,1,1.84,3960,DIAGEO NORTH AMERICA INC   
34_PITMERDEN_3924,34,3924,Espolon Blanco Tequila,750mL,1,23.99,23.99,1/1/2016,750,1,0.79,11567,CAMPARI AMERICA            
4_EANVERNESS_25036,4,25036,Albola Pinot Grigio,750mL,1,10.99,10.99,1/4/2016,750,2,0.11,4425,MARTIGNETTI COMPANIES
73_DONCASTER_2586,73,2586,Jameson Irish Whiskey,50mL,18,53.82,2.99,1/28/2016,50,1,0.94,17035,PERNOD RICARD USA          
14_BROMWICH_3598,14,3598,Ice Pik Vodka,750mL,2,27.98,13.99,2/27/2016,750,1,1.57,8150,SEA HAGG DISTILLERY LLC    
15_WANBORNE_2593,15,2593,James Oliver American Whisky,750mL,1,29.99,29.99,2/12/2016,750,1,0.79,5455,MARSALLE COMPANY           
79_BALLYMENA_1384,79,1384,Bulleit 95 Rye,750mL,1,25.99,25.99,1/26/2016,750,1,0.79,3960,DIAGEO NORTH AMERICA INC   
74_PAENTMARWY_3689,74,3689,Stolichnaya Vanil,750mL,1,17.99,17.99,1/16/2016,750,1,0.79,8664,"STOLI GROUP,(USA) LLC      "
31_HORNSEY_3663,31,3663,Tarantula Azul Tequila,750mL,1,13.99,13.99,1/23/2016,750,1,0.79,5992,MCCORMICK DISTILLING CO    
2_ASHBORNE_34904,2,34904,Smoking Loon Chard,750mL,3,29.97,9.99,1/10/2016,750,2,0.34,9552,M S WALKER INC             
12_LEESIDE_38370,12,38370,Oyster Bay Svgn Bl Marlboro,750mL,2,25.98,12.99,1/25/2016,750,2,0.22,4425,MARTIGNETTI COMPANIES
2_ASHBORNE_11219,2,11219,Josh Cellars Cab Svgn Sonoma,750mL,2,29.98,14.99,1/21/2016,750,2,0.22,4425,MARTIGNETTI COMPANIES
35_HALIVAARA_3896,35,3896,Zhenka Vodka,375mL,1,3.29,3.29,1/14/2016,375,1,0.39,9552,M S WALKER INC             
56_BEGGAR'S HOLE_19656,56,19656,Manifesto! Chard No Cst,750mL,1,8.99,8.99,1/29/2016,750,2,0.11,653,STATE WINE & SPIRITS   
12_LEESIDE_4198,12,4198,Sailor Jerry Spiced Navy Rum,1.75L,1,24.99,24.99,1/22/2016,1750,1,1.84,3664,WILLIAM GRANT & SONS INC   
38_GOULCREST_18134,38,18134,Joel Gott Alakai Red,750mL,1,13.99,13.99,1/8/2016,750,2,0.11,8892,TRINCHERO FAMILY ESTATES   
23_ARBINGTON_2794,23,2794,Bird Dog Bourbon,750mL,1,14.99,14.99,1/14/2016,750,1,0.79,9625,WESTERN SPIRITS BEVERAGE CO
69_MOUNTMEND_23293,69,23293,Ch Pavie Macquin St Emiln 11,750mL,10,819.9,81.99,1/29/2016,750,2,1.12,2000,SOUTHERN WINE & SPIRITS NE 
61_AETHELNEY_2183,61,2183,McClelland Highland Single,750mL,1,18.99,18.99,1/28/2016,750,1,0.79,12546,JIM BEAM BRANDS COMPANY    
23_ARBINGTON_2690,23,2690,Black Velvet Reserve,750mL,3,29.97,9.99,1/20/2016,750,1,2.36,1392,CONSTELLATION BRANDS INC   
18_FURNESS_4227,18,4227,Bacardi Superior Rum Trav,1.75L,1,17.99,17.99,2/18/2016,1750,1,1.84,480,BACARDI USA INC            
56_BEGGAR'S HOLE_2757,56,2757,Johnnie Walker Red Label,1.75L,1,29.99,29.99,1/23/2016,1750,1,1.84,3960,DIAGEO NORTH AMERICA INC   
12_LEESIDE_36161,12,36161,Ch Ste Michelle Pnt Gris Was,750mL,1,8.99,8.99,2/9/2016,750,2,0.11,8673,STE MICHELLE WINE ESTATES  
18_FURNESS_6854,18,6854,Carlo Rossi Burgundy Calif,4L,1,14.99,14.99,2/2/2016,4000,2,0.6,3252,E & J GALLO WINERY         
51_ABERDEEN_10874,51,10874,Cantine Maschio Prosecco Brt,750mL,1,10.99,10.99,1/24/2016,750,2,0.11,516,BANFI PRODUCTS CORP        
25_CAERSHIRE_4089,25,4089,Capt Morgan White,1.75L,2,49.98,24.99,1/25/2016,1750,1,3.67,3960,DIAGEO NORTH AMERICA INC   
47_PELLA'S WISH_2114,47,2114,Black Velvet Canadian Whisky,1.75L,1,12.99,12.99,1/24/2016,1750,1,1.84,1392,CONSTELLATION BRANDS INC   
69_MOUNTMEND_8691,69,8691,Jose Cuervo Especial,750mL,1,16.99,16.99,1/7/2016,750,1,0.79,7245,PROXIMO SPIRITS INC.       
34_PITMERDEN_4227,34,4227,Bacardi Superior Rum Trav,1.75L,5,89.95,17.99,1/12/2016,1750,1,9.19,480,BACARDI USA INC            
76_DONCASTER_24672,76,24672,Bolla Merlot,1.5L,1,12.99,12.99,1/7/2016,1500,2,0.22,516,BANFI PRODUCTS CORP        
28_LARNWICK_38546,28,38546,Mark West Pnt Nr Sonoma,750mL,2,19.98,9.99,1/9/2016,750,2,0.22,1392,CONSTELLATION BRANDS INC   
33_HORNSEY_36770,33,36770,Yellow Tail Cab Svgn Ausl,1.5L,5,44.75,8.95,1/3/2016,1500,2,1.12,4425,MARTIGNETTI COMPANIES
43_WOLFORD_6857,43,6857,Sutter Home Wh Znfdl,1.5L,2,15.9,7.95,1/20/2016,1500,2,0.45,8892,TRINCHERO FAMILY ESTATES   
6_GOULCREST_39654,6,39654,Sutter Home Pnt Grigio Cal,1.5L,2,19.98,9.99,1/24/2016,1500,2,0.45,8892,TRINCHERO FAMILY ESTATES   
66_EANVERNESS_12771,66,12771,Joel Gott Cab Svgn 815,750mL,7,97.93,13.99,1/16/2016,750,2,0.79,8892,TRINCHERO FAMILY ESTATES   
7_STANMORE_4252,7,4252,Bacardi Limon Rum,50mL,2,1.98,0.99,1/4/2016,50,1,0.1,480,BACARDI USA INC            
2_ASHBORNE_6319,2,6319,Santa Cristina Toscana,750mL,2,21.98,10.99,1/3/2016,750,2,0.22,8673,STE MICHELLE WINE ESTATES  
39_EASTHALLOW_3221,39,3221,Pinnacle Raspberry Vodka,750mL,1,10.99,10.99,1/6/2016,750,1,0.79,12546,JIM BEAM BRANDS COMPANY    
74_PAENTMARWY_13709,74,13709,Jam Jar Sweet Shiraz,750mL,2,23.98,11.99,1/22/2016,750,2,0.22,9552,M S WALKER INC             
7_STANMORE_11827,7,11827,Cupcake Merlot,750mL,1,8.49,8.49,1/10/2016,750,2,0.11,9815,WINE GROUP INC             
10_HORNSEY_4198,10,4198,Sailor Jerry Spiced Navy Rum,1.75L,5,144.95,28.99,2/4/2016,1750,1,9.19,3664,WILLIAM GRANT & SONS INC   
14_BROMWICH_4296,14,4296,Ronrico Silver Rum,1.75L,1,12.99,12.99,1/10/2016,1750,1,1.84,12546,JIM BEAM BRANDS COMPANY    
15_WANBORNE_4391,15,4391,Matusalem Gran Reserva Rum,750mL,1,29.99,29.99,1/15/2016,750,1,0.79,7245,PROXIMO SPIRITS INC.       
6_GOULCREST_20255,6,20255,Breca OV Garnacha Calatayud,750mL,1,13.99,13.99,1/20/2016,750,2,0.11,9552,M S WALKER INC             
13_TARMSWORTH_3893,13,3893,Zhenka 80 Proof,1.75L,2,19.98,9.99,1/9/2016,1750,1,3.67,9552,M S WALKER INC             
40_BULLMAR_41713,40,41713,Fish Eye Merlot,750mL,1,4.99,4.99,1/4/2016,750,2,0.11,9815,WINE GROUP INC             
77_TAMWORTH_3606,77,3606,Smirnoff Raspberry Vodka,50mL,8,7.92,0.99,1/14/2016,50,1,0.42,3960,DIAGEO NORTH AMERICA INC   
34_PITMERDEN_45294,34,45294,C K Mondavi Willw Pnt Grigio,1.5L,1,10.99,10.99,1/6/2016,1500,2,0.22,2000,SOUTHERN WINE & SPIRITS NE 
79_BALLYMENA_34870,79,34870,Arca Nova Vinho Verde,750mL,1,10.99,10.99,1/30/2016,750,2,0.11,10754,PERFECTA WINES             
8_ALNERWICK_27735,8,27735,Bogle Cab Svgn Cal,750mL,2,27.98,13.99,1/10/2016,750,2,0.22,4425,MARTIGNETTI COMPANIES
72_HARDERSFIELD_3626,72,3626,Sauza Extra Gold Tequila,750mL,3,44.97,14.99,1/26/2016,750,1,2.36,12546,JIM BEAM BRANDS COMPANY    
59_CLAETHORPES_1378,59,1378,Jim Beam,375mL,2,18.98,9.49,1/19/2016,375,1,0.79,12546,JIM BEAM BRANDS COMPANY    
45_VERITAS_4263,45,4263,Capt Morgan Silver Spicd Rum,750mL,1,16.99,16.99,1/13/2016,750,1,0.79,3960,DIAGEO NORTH AMERICA INC   
67_EANVERNESS_22171,67,22171,Lucienne Smith Vyd Pnt Nr,750mL,1,44.99,44.99,1/30/2016,750,2,0.11,7153,PINE STATE TRADING CO      
35_HALIVAARA_889,35,889,DeKuyper Sour Apple Pucker,Liter,2,25.98,12.99,1/8/2016,1000,1,2.1,12546,JIM BEAM BRANDS COMPANY    
75_BARNCOMBE_2672,75,2672,Dewars White Label,50mL,3,6.87,2.29,1/14/2016,50,1,0.16,480,BACARDI USA INC            
31_HORNSEY_3150,31,3150,Svedka Mango Pineapple Vodka,750mL,1,10.99,10.99,1/7/2016,750,1,0.79,1392,CONSTELLATION BRANDS INC   
1_HARDERSFIELD_34825,1,34825,J Vineyards Pnt Gris,750mL,2,29.98,14.99,2/10/2016,750,2,0.22,3252,E & J GALLO WINERY         
55_DRY GULCH_1233,55,1233,Jack Daniels No 7 Black,1.75L,6,215.94,35.99,1/30/2016,1750,1,11.02,1128,BROWN-FORMAN CORP          
50_MOUNTMEND_24788,50,24788,Gentleman's Collection Cab S,750mL,3,41.97,13.99,1/29/2016,750,2,0.34,4425,MARTIGNETTI COMPANIES
79_BALLYMENA_5776,79,5776,Malibu Black,1.75L,1,22.99,22.99,1/29/2016,1750,1,1.84,17035,PERNOD RICARD USA          
76_DONCASTER_3511,76,3511,New Amsterdam Vodka,750mL,1,9.99,9.99,1/13/2016,750,1,0.79,3252,E & J GALLO WINERY         
59_CLAETHORPES_3050,59,3050,Bowman Vodka,1.75L,3,26.97,8.99,1/29/2016,1750,1,5.51,8004,SAZERAC CO INC             
47_PELLA'S WISH_4413,47,4413,Casamigos Blanco,50mL,1,1.99,1.99,1/18/2016,50,1,0.05,6213,MHW LTD                    
27_MOUNTMEND_8171,27,8171,Leroux Blackberry Brandy,50mL,3,2.97,0.99,1/28/2016,50,1,0.16,12546,JIM BEAM BRANDS COMPANY    
60_IRRAGIN_46458,60,46458,Layer Cake Barosa Shiraz,750mL,1,15.99,15.99,1/6/2016,750,2,0.11,4425,MARTIGNETTI COMPANIES
10_HORNSEY_3746,10,3746,Gordons Vodka 80 Proof,1.75L,2,25.98,12.99,1/2/2016,1750,1,3.67,3960,DIAGEO NORTH AMERICA INC   
12_LEESIDE_3243,12,3243,Burnetts Vodka,1.75L,1,10.49,10.49,2/21/2016,1750,1,1.84,3924,HEAVEN HILL DISTILLERIES   
51_ABERDEEN_8066,51,8066,DeKuyper Triple Sec,1.75L,1,8.99,8.99,1/5/2016,1750,1,1.84,12546,JIM BEAM BRANDS COMPANY    
15_WANBORNE_3268,15,3268,Pinnacle CranApple Vodka,750mL,1,9.99,9.99,2/17/2016,750,1,0.79,12546,JIM BEAM BRANDS COMPANY    
69_MOUNTMEND_40337,69,40337,Da Vinci Chianti Tuscany,750mL,5,52.45,10.49,1/31/2016,750,2,0.56,3252,E & J GALLO WINERY         
7_STANMORE_13258,7,13258,ChocoVine,750mL,1,12.99,12.99,1/11/2016,750,2,0.11,9165,ULTRA BEVERAGE COMPANY LLP 
1_HARDERSFIELD_2788,1,2788,Laphroaig 10 Yr Single Malt,750mL,1,44.99,44.99,1/21/2016,750,1,0.79,12546,JIM BEAM BRANDS COMPANY    
66_EANVERNESS_3397,66,3397,Ciroc Red Berry Vodka,750mL,1,28.99,28.99,1/28/2016,750,1,0.79,3960,DIAGEO NORTH AMERICA INC   
41_LARNWICK_8068,41,8068,Absolut 80 Proof,1.75L,13,337.87,25.99,1/23/2016,1750,1,23.89,17035,PERNOD RICARD USA          
56_BEGGAR'S HOLE_46447,56,46447,Gascon Malbec Mendoza,750mL,6,71.94,11.99,1/29/2016,750,2,0.68,3252,E & J GALLO WINERY         
44_PORTHCRAWL_8910,44,8910,Finlandia Vodka,50mL,5,4.95,0.99,1/9/2016,50,1,0.26,1128,BROWN-FORMAN CORP          
71_CLARCTON_7221,71,7221,M & R Sweet Vermouth,1.5L,1,10.49,10.49,1/4/2016,1500,2,0.22,480,BACARDI USA INC            
73_DONCASTER_35471,73,35471,R M Woodbridge Pnt Grigio,750mL,1,7.99,7.99,1/26/2016,750,2,0.11,1392,CONSTELLATION BRANDS INC   
25_CAERSHIRE_34439,25,34439,Toad Hollow Mendocino Chard,750mL,1,13.99,13.99,1/5/2016,750,2,0.11,9552,M S WALKER INC             
15_WANBORNE_8474,15,8474,1800 Reposado Gold Tequila,1.75L,1,32.99,32.99,2/18/2016,1750,1,1.84,7245,PROXIMO SPIRITS INC.       
11_CARDEND_36850,11,36850,Frey Svgn Bl Organic Mendcno,750mL,1,13.99,13.99,1/12/2016,750,2,0.11,10754,PERFECTA WINES             
31_HORNSEY_2436,31,2436,Crown Royal,375mL,2,29.98,14.99,1/12/2016,375,1,0.79,3960,DIAGEO NORTH AMERICA INC   
11_CARDEND_16610,11,16610,Leese-Fitch Cab Svgn,750mL,1,10.99,10.99,1/28/2016,750,2,0.11,653,STATE WINE & SPIRITS   
6_GOULCREST_23279,6,23279,Turnbull Syrah 11,750mL,1,24.99,24.99,1/29/2016,750,2,0.11,2000,SOUTHERN WINE & SPIRITS NE 
69_MOUNTMEND_40545,69,40545,Whitehaven Svgn Bl Marlboro,750mL,1,14.99,14.99,1/22/2016,750,2,0.11,3252,E & J GALLO WINERY         
2_ASHBORNE_3246,2,3246,Bentley's Vodka,1.75L,2,17.58,8.79,1/2/2016,1750,1,3.67,8004,SAZERAC CO INC             
15_WANBORNE_29649,15,29649,St Hilaire Blanc de Blancs,750mL,1,16.99,16.99,2/7/2016,750,2,0.11,9552,M S WALKER INC             
56_BEGGAR'S HOLE_4363,56,4363,Capt Morgan Black Spiced Rum,1.75L,1,32.99,32.99,1/16/2016,1750,1,1.84,3960,DIAGEO NORTH AMERICA INC   
22_SHARNWICK_24188,22,24188,St Francis Cab Svgn Sonoma,750mL,5,84.95,16.99,1/16/2016,750,2,0.56,4692,KOBRAND CORPORATION        
38_GOULCREST_20475,38,20475,Hayes Valley Cab Svgn CC,750mL,2,19.98,9.99,1/29/2016,750,2,0.22,653,STATE WINE & SPIRITS   
40_BULLMAR_4385,40,4385,Parrot Bay 90 Coconut Capt,1.75L,1,24.99,24.99,1/15/2016,1750,1,1.84,3960,DIAGEO NORTH AMERICA INC   
74_PAENTMARWY_6266,74,6266,Gallo Fairbanks Sherry,1.5L,1,7.79,7.79,1/23/2016,1500,2,0.22,3252,E & J GALLO WINERY         
66_EANVERNESS_3687,66,3687,Fleischmanns Royal Traveler,750mL,1,5.99,5.99,1/7/2016,750,1,0.79,660,SAZERAC NORTH AMERICA INC. 
60_IRRAGIN_35959,60,35959,Stags Leap Winery Cab Svgn,750mL,3,149.97,49.99,1/3/2016,750,2,0.34,9819,TREASURY WINE ESTATES      
42_BLACK HOLLOW_2663,42,2663,Dewars White Label,1.75L,1,39.99,39.99,1/11/2016,1750,1,1.84,480,BACARDI USA INC            
1_HARDERSFIELD_38181,1,38181,Rex Goliath Pnt Nr,750mL,2,11.98,5.99,1/23/2016,750,2,0.22,1392,CONSTELLATION BRANDS INC   
66_EANVERNESS_36380,66,36380,Sebastiani Znfdl Sonoma Cnty,750mL,3,29.97,9.99,1/4/2016,750,2,0.34,4425,MARTIGNETTI COMPANIES
58_HARTLEPOOL_3889,58,3889,Wolfschmidt Vodka Plastic,750mL,1,6.49,6.49,1/5/2016,750,1,0.79,8352,LUXCO INC                  
73_DONCASTER_8622,73,8622,Dom Perignon,750mL,1,145.99,145.99,1/19/2016,750,2,0.11,8112,MOET HENNESSY USA INC      
11_CARDEND_37312,11,37312,Salmon Run NY Pnt Nr,750mL,1,13.99,13.99,2/11/2016,750,2,0.11,10754,PERFECTA WINES             
62_KILMARNOCK_41713,62,41713,Fish Eye Merlot,750mL,1,4.99,4.99,1/28/2016,750,2,0.11,9815,WINE GROUP INC             
44_PORTHCRAWL_1595,44,1595,Gentleman Jack,375mL,1,15.99,15.99,1/21/2016,375,1,0.39,1128,BROWN-FORMAN CORP          
69_MOUNTMEND_43872,69,43872,Joseph Carr Cab Svgn Napa,750mL,5,99.95,19.99,1/14/2016,750,2,0.56,4425,MARTIGNETTI COMPANIES
73_DONCASTER_1734,73,1734,Duggans Dew O Kirkintilloch,1.75L,12,275.88,22.99,1/29/2016,1750,1,22.05,2496,DUGGANS DISTILLED PRODUCTS 
50_MOUNTMEND_44337,50,44337,Irony Cab Svgn,750mL,1,12.99,12.99,1/8/2016,750,2,0.11,2242,DELICATO VINEYARDS INC     
55_DRY GULCH_35670,55,35670,Redwood Creek Svgn Bl Cal,1.5L,1,10.99,10.99,1/16/2016,1500,2,0.22,3252,E & J GALLO WINERY         
69_MOUNTMEND_3625,69,3625,Absolut 80 Proof,750mL,5,89.95,17.99,1/31/2016,750,1,3.94,17035,PERNOD RICARD USA          
68_SOLARIS_14706,68,14706,Cupcake Prosecco,750mL,12,125.88,10.49,1/27/2016,750,2,1.35,9815,WINE GROUP INC             
30_CULCHETH_1883,30,1883,Seagrams 7 Crown,1.75L,1,17.99,17.99,1/18/2016,1750,1,1.84,3960,DIAGEO NORTH AMERICA INC   
15_WANBORNE_854,15,854,Seagrams VO Canadian Whiskey,Liter,2,31.98,15.99,2/25/2016,1000,1,2.1,3960,DIAGEO NORTH AMERICA INC   
52_GRAYCOTT_3687,52,3687,Fleischmanns Royal Traveler,750mL,1,5.99,5.99,1/5/2016,750,1,0.79,660,SAZERAC NORTH AMERICA INC. 
15_WANBORNE_3104,15,3104,Smirnoff Whipped Cream,750mL,2,25.98,12.99,1/18/2016,750,1,1.57,3960,DIAGEO NORTH AMERICA INC   
24_PALPERROTH_5694,24,5694,Ice Box Mudslide,1.75L,1,9.99,9.99,1/2/2016,1750,1,1.84,8004,SAZERAC CO INC             
77_TAMWORTH_4932,77,4932,Arrow Ginger Brandy,750mL,1,5.99,5.99,1/29/2016,750,1,0.79,8352,LUXCO INC                  
4_EANVERNESS_27807,4,27807,Night Harvest Chard,750mL,1,4.99,4.99,1/31/2016,750,2,0.11,1392,CONSTELLATION BRANDS INC   
55_DRY GULCH_3997,55,3997,Hornitos Plata Tequila,750mL,1,19.99,19.99,1/22/2016,750,1,0.79,12546,JIM BEAM BRANDS COMPANY    
34_PITMERDEN_23973,34,23973,Catena RSV Cab Svgn,750mL,2,33.98,16.99,1/9/2016,750,2,0.22,9552,M S WALKER INC             
21_BALERNO_5128,21,5128,Carolans Irish Cream,750mL,1,13.49,13.49,1/20/2016,750,1,0.79,11567,CAMPARI AMERICA            
15_WANBORNE_2783,15,2783,Lauders Scotch,1.75L,2,32.98,16.49,1/8/2016,1750,1,3.67,660,SAZERAC NORTH AMERICA INC. 
78_EASTHAVEN_4066,78,4066,Bacardi Oakheart Spiced Rum,1.75L,1,18.99,18.99,1/30/2016,1750,1,1.84,480,BACARDI USA INC            
15_WANBORNE_3502,15,3502,Pinnacle Vodka,750mL,1,12.99,12.99,2/26/2016,750,1,0.79,12546,JIM BEAM BRANDS COMPANY    
11_CARDEND_23143,11,23143,Bogle Chard,750mL,2,19.98,9.99,2/6/2016,750,2,0.22,4425,MARTIGNETTI COMPANIES
11_CARDEND_46021,11,46021,Spellbound Cab Svgn Cal,750mL,1,13.99,13.99,1/13/2016,750,2,0.11,9165,ULTRA BEVERAGE COMPANY LLP 
23_ARBINGTON_13489,23,13489,Don Miguel Gascon Malbec Rsv,750mL,4,75.96,18.99,1/15/2016,750,2,0.45,3252,E & J GALLO WINERY         
21_BALERNO_12520,21,12520,Pavao Vinho Verde Adegas Wh,750mL,2,15.98,7.99,1/10/2016,750,2,0.22,9552,M S WALKER INC             
76_DONCASTER_2589,76,2589,Jameson Irish Whiskey,1.75L,1,41.99,41.99,1/6/2016,1750,1,1.84,17035,PERNOD RICARD USA          
21_BALERNO_2704,21,2704,Serpent's Bite Cider Whiskey,50mL,1,0.99,0.99,1/17/2016,50,1,0.05,1392,CONSTELLATION BRANDS INC   
66_EANVERNESS_3870,66,3870,Montelobos Mezcal,750mL,1,36.99,36.99,1/8/2016,750,1,0.79,3664,WILLIAM GRANT & SONS INC   
73_DONCASTER_18013,73,18013,Cecchi Sangiovese,750mL,14,97.86,6.99,1/10/2016,750,2,1.57,9165,ULTRA BEVERAGE COMPANY LLP 
51_ABERDEEN_3726,51,3726,Gilbeys Vodka Traveler,750mL,6,29.94,4.99,1/15/2016,750,1,4.72,12546,JIM BEAM BRANDS COMPANY    
1_HARDERSFIELD_22758,1,22758,Copain Tous Ensemble 12 Chrd,750mL,2,31.98,15.99,2/12/2016,750,2,0.22,4425,MARTIGNETTI COMPANIES
2_ASHBORNE_13792,2,13792,The Wolftrap Syrah Vio Mourv,750mL,1,8.99,8.99,1/6/2016,750,2,0.11,1587,VINEYARD BRANDS INC        
10_HORNSEY_6483,10,6483,Fetzer Wh Znfdl Cal,750mL,2,17.98,8.99,1/22/2016,750,2,0.22,9165,ULTRA BEVERAGE COMPANY LLP 
67_EANVERNESS_4478,67,4478,Myers Original Dark Rum,750mL,1,17.99,17.99,1/4/2016,750,1,0.79,3960,DIAGEO NORTH AMERICA INC   
1_HARDERSFIELD_3597,1,3597,UV Sangria Vodka,750mL,1,8.99,8.99,1/1/2016,750,1,0.79,9206,PHILLIPS PRODUCTS CO.      
32_MOUNTMEND_4066,32,4066,Bacardi Oakheart Spiced Rum,1.75L,1,18.99,18.99,1/14/2016,1750,1,1.84,480,BACARDI USA INC            
46_TYWARDREATH_29212,46,29212,R Mondavi Merlot Pvt Sel,750mL,1,8.99,8.99,1/30/2016,750,2,0.11,1392,CONSTELLATION BRANDS INC   
30_CULCHETH_7261,30,7261,Gallo X Dry Vermouth,750mL,1,5.49,5.49,1/30/2016,750,2,0.11,3252,E & J GALLO WINERY         
10_HORNSEY_16695,10,16695,Ch Hyot Brdx Castillon,750mL,1,14.99,14.99,1/23/2016,750,2,0.11,4425,MARTIGNETTI COMPANIES
12_LEESIDE_23895,12,23895,Lindemans Bin 50 Shiraz,750mL,2,15.98,7.99,1/29/2016,750,2,0.22,4425,MARTIGNETTI COMPANIES
69_MOUNTMEND_567,69,567,Ketel One Vodka,Liter,4,115.96,28.99,1/1/2016,1000,1,4.2,3960,DIAGEO NORTH AMERICA INC   
17_OLDHAM_8619,17,8619,Canadian Club,375mL,1,5.99,5.99,1/22/2016,375,1,0.39,12546,JIM BEAM BRANDS COMPANY    
30_CULCHETH_3766,30,3766,Three Olives Grape Vodka,750mL,2,25.98,12.99,1/13/2016,750,1,1.57,7245,PROXIMO SPIRITS INC.       
60_IRRAGIN_3354,60,3354,Ketel One Vodka,375mL,2,29.98,14.99,1/23/2016,375,1,0.79,3960,DIAGEO NORTH AMERICA INC   
1_HARDERSFIELD_8654,1,8654,M & R Sweet Vermouth,375mL,4,21.16,5.29,2/20/2016,375,2,0.22,480,BACARDI USA INC            
67_EANVERNESS_44915,67,44915,Broadbent Vinho Verde Wh,750mL,3,35.97,11.99,1/28/2016,750,2,0.34,90024,VINILANDIA USA             
57_LANTEGLOS_3486,57,3486,Tanqueray,375mL,1,12.99,12.99,1/18/2016,375,1,0.39,3960,DIAGEO NORTH AMERICA INC   
38_GOULCREST_525,38,525,El Tesoro Anejo Gold Tequil,750mL,2,79.98,39.99,1/17/2016,750,1,1.57,12546,JIM BEAM BRANDS COMPANY    
25_CAERSHIRE_38178,25,38178,Rex Goliath Cab Svgn,750mL,1,5.99,5.99,1/31/2016,750,2,0.11,1392,CONSTELLATION BRANDS INC   
7_STANMORE_24429,7,24429,Baracchi O'Lillo,750mL,1,11.99,11.99,1/20/2016,750,2,0.11,9165,ULTRA BEVERAGE COMPANY LLP 
74_PAENTMARWY_14930,74,14930,Yellow Tail Moscato,1.5L,1,8.95,8.95,1/1/2016,1500,2,0.22,4425,MARTIGNETTI COMPANIES
59_CLAETHORPES_43223,59,43223,Ch Beauchene Cotes du Rhone,750mL,2,23.98,11.99,1/24/2016,750,2,0.22,10754,PERFECTA WINES             
67_EANVERNESS_16695,67,16695,Ch Hyot Brdx Castillon,750mL,3,44.97,14.99,1/24/2016,750,2,0.34,4425,MARTIGNETTI COMPANIES
77_TAMWORTH_2663,77,2663,Dewars White Label,1.75L,2,59.98,29.99,1/1/2016,1750,1,3.67,480,BACARDI USA INC            
50_MOUNTMEND_3743,50,3743,Smirnoff Sorbet Pine/Coconut,750mL,1,10.99,10.99,1/30/2016,750,1,0.79,3960,DIAGEO NORTH AMERICA INC   
4_EANVERNESS_28658,4,28658,R Mondavi Pnt Nr Pvt Sel,750mL,1,8.99,8.99,1/28/2016,750,2,0.11,1392,CONSTELLATION BRANDS INC   
60_IRRAGIN_1366,60,1366,Red Stag by Jim Beam,50mL,1,1.29,1.29,1/1/2016,50,1,0.05,12546,JIM BEAM BRANDS COMPANY    
49_GARIGILL_46060,49,46060,Martin Codax Albarino,750mL,1,13.99,13.99,1/12/2016,750,2,0.11,3252,E & J GALLO WINERY         
72_HARDERSFIELD_3684,72,3684,Fleischmanns Royal Vodka,1.75L,4,39.96,9.99,1/24/2016,1750,1,7.35,660,SAZERAC NORTH AMERICA INC. 
10_HORNSEY_4200,10,4200,Bacardi Grand Melon,750mL,2,23.98,11.99,2/13/2016,750,1,1.57,480,BACARDI USA INC            
15_WANBORNE_24151,15,24151,Mas Janeil Cotes Roussillon,750mL,1,10.99,10.99,2/23/2016,750,2,0.11,9165,ULTRA BEVERAGE COMPANY LLP 
45_VERITAS_35914,45,35914,Stone Cellars Chard,1.5L,1,7.99,7.99,1/29/2016,1500,2,0.22,9819,TREASURY WINE ESTATES      
50_MOUNTMEND_2131,50,2131,Jack Daniels No 7 Black Trav,375mL,10,129.9,12.99,1/23/2016,375,1,3.94,1128,BROWN-FORMAN CORP          
25_CAERSHIRE_38197,25,38197,La Carraia Sangiovese Umbri,750mL,1,13.99,13.99,1/22/2016,750,2,0.11,2000,SOUTHERN WINE & SPIRITS NE 
76_DONCASTER_4195,76,4195,Calico Jack Spiced Rum No 94,750mL,1,10.99,10.99,1/20/2016,750,1,0.79,12546,JIM BEAM BRANDS COMPANY    
10_HORNSEY_807,10,807,Jim Beam,Liter,3,53.97,17.99,1/12/2016,1000,1,3.15,12546,JIM BEAM BRANDS COMPANY    
34_PITMERDEN_31618,34,31618,Chartron La Fleur Brdx Whit,750mL,1,9.99,9.99,1/9/2016,750,2,0.11,9552,M S WALKER INC             
48_NORFOLK_1637,48,1637,Fleischmanns Preferred,1.75L,8,87.92,10.99,1/19/2016,1750,1,14.7,660,SAZERAC NORTH AMERICA INC. 
39_EASTHALLOW_1001,39,1001,Bailey's 50mL 4 Pack,50mL 4 Pk,1,5.99,5.99,1/28/2016,50,1,0.05,3960,DIAGEO NORTH AMERICA INC   
1_HARDERSFIELD_8700,1,8700,Beringer Knights Vly Cab Svg,750mL,2,69.98,34.99,1/26/2016,750,2,0.22,9819,TREASURY WINE ESTATES      
73_DONCASTER_3725,73,3725,Three Olives Pomegranate,750mL,1,14.99,14.99,1/13/2016,750,1,0.79,7245,PROXIMO SPIRITS INC.       
44_PORTHCRAWL_4932,44,4932,Arrow Ginger Brandy,750mL,1,5.99,5.99,1/8/2016,750,1,0.79,8352,LUXCO INC                  
79_BALLYMENA_1380,79,1380,Bulleit 95 Rye,1.75L,1,49.99,49.99,1/22/2016,1750,1,1.84,3960,DIAGEO NORTH AMERICA INC   
1_HARDERSFIELD_8173,1,8173,Amarula Cream Liqueur,750mL,1,22.99,22.99,1/15/2016,750,1,0.79,9165,ULTRA BEVERAGE COMPANY LLP 
76_DONCASTER_23388,76,23388,Light Horse Cab Svgn,750mL,1,11.99,11.99,1/16/2016,750,2,0.11,9165,ULTRA BEVERAGE COMPANY LLP 
52_GRAYCOTT_6857,52,6857,Sutter Home Wh Znfdl,1.5L,1,7.95,7.95,1/18/2016,1500,2,0.22,8892,TRINCHERO FAMILY ESTATES   
1_HARDERSFIELD_3694,1,3694,Stolichnaya Razberi,750mL,4,79.96,19.99,2/20/2016,750,1,3.15,8664,"STOLI GROUP,(USA) LLC      "
34_PITMERDEN_6983,34,6983,J Lohr Seven Oaks Cab Svgn,750mL,1,15.99,15.99,1/10/2016,750,2,0.11,4425,MARTIGNETTI COMPANIES
20_BREDWARDINE_4181,20,4181,Calypso Spiced Rum,1.75L,2,23.98,11.99,1/6/2016,1750,1,3.67,660,SAZERAC NORTH AMERICA INC. 
42_BLACK HOLLOW_3997,42,3997,Hornitos Plata Tequila,750mL,1,19.99,19.99,1/2/2016,750,1,0.79,12546,JIM BEAM BRANDS COMPANY    
10_HORNSEY_3733,10,3733,Patron Silver Tequila,1.75L,1,119.99,119.99,1/30/2016,1750,1,1.84,9165,ULTRA BEVERAGE COMPANY LLP 
72_HARDERSFIELD_6569,72,6569,W Hill Chard Napa,750mL,1,21.49,21.49,1/9/2016,750,2,0.11,3252,E & J GALLO WINERY         
39_EASTHALLOW_5676,39,5676,Kinky Liqueur,50mL,2,3.98,1.99,1/13/2016,50,1,0.1,7153,PINE STATE TRADING CO      
15_WANBORNE_4358,15,4358,Mr Boston Light Rum,750mL,1,6.49,6.49,1/11/2016,750,1,0.79,660,SAZERAC NORTH AMERICA INC. 
16_LUNDY_5828,16,5828,Ryans Irish Cream,750mL,1,8.99,8.99,2/19/2016,750,1,0.79,8004,SAZERAC CO INC             
41_LARNWICK_8214,41,8214,E & J Brandy VS,750mL,1,9.99,9.99,1/15/2016,750,1,0.79,3252,E & J GALLO WINERY         
76_DONCASTER_6932,76,6932,Santa Rita 120 Chard,750mL,1,5.99,5.99,1/25/2016,750,2,0.11,6785,PALM BAY INTERNATIONAL INC 
69_MOUNTMEND_3746,69,3746,Gordons Vodka 80 Proof,1.75L,2,25.98,12.99,1/13/2016,1750,1,3.67,3960,DIAGEO NORTH AMERICA INC   
40_BULLMAR_3612,40,3612,Taaka Vodka,1.75L,5,44.95,8.99,1/18/2016,1750,1,9.19,8004,SAZERAC CO INC             
63_SWORDBREAK_1379,63,1379,Jim Beam Traveler,750mL,1,14.49,14.49,1/25/2016,750,1,0.79,12546,JIM BEAM BRANDS COMPANY    
66_EANVERNESS_6748,66,6748,Turning Leaf RSV Chard Cal,750mL,2,11.98,5.99,1/5/2016,750,2,0.22,3252,E & J GALLO WINERY         
38_GOULCREST_1212,38,1212,DiSaronna Amaretto Sour VAP,750mL,1,21.99,21.99,1/13/2016,750,1,0.79,2555,DISARONNO INTERNATIONAL LLC
31_HORNSEY_10596,31,10596,Almaden Mt Rhine Calif B/B,5L,1,16.99,16.99,1/25/2016,5000,2,0.75,9815,WINE GROUP INC             
64_CESTERFIELD_9191,64,9191,Mojoshot Blue Lagoon RTD,50mL,3,2.97,0.99,1/18/2016,50,1,0.16,9165,ULTRA BEVERAGE COMPANY LLP 
1_HARDERSFIELD_3783,1,3783,Ciroc Apple Vodka,50mL,2,3.98,1.99,2/24/2016,50,1,0.1,3960,DIAGEO NORTH AMERICA INC   
52_GRAYCOTT_10596,52,10596,Almaden Mt Rhine Calif B/B,5L,1,16.99,16.99,1/10/2016,5000,2,0.75,9815,WINE GROUP INC             
34_PITMERDEN_4945,34,4945,Jacquin Ginger Brandy,750mL,1,9.49,9.49,1/25/2016,750,1,0.79,4380,CHARLES JACQUIN ET CIE INC 
60_IRRAGIN_3505,60,3505,Tito's Handmade Vodka,750mL,3,65.97,21.99,1/30/2016,750,1,2.36,4425,MARTIGNETTI COMPANIES
9_BLACKPOOL_6651,9,6651,Rocca Delle Macie Chianti C,750mL,2,25.98,12.99,1/6/2016,750,2,0.22,6785,PALM BAY INTERNATIONAL INC 
53_HILLFAR_4368,53,4368,Capt Morgan Private Stock,1.75L,1,33.99,33.99,1/31/2016,1750,1,1.84,3960,DIAGEO NORTH AMERICA INC   
1_HARDERSFIELD_2733,1,2733,GlenDronach Tawny Port 15 Yr,750mL,1,78.99,78.99,2/27/2016,750,1,0.79,9165,ULTRA BEVERAGE COMPANY LLP 
17_OLDHAM_1385,17,1385,Makers Mark,750mL,1,26.99,26.99,1/23/2016,750,1,0.79,12546,JIM BEAM BRANDS COMPANY    
46_TYWARDREATH_27233,46,27233,Turning Leaf RSV Merlot Cal,750mL,1,5.99,5.99,1/11/2016,750,2,0.11,3252,E & J GALLO WINERY         
1_HARDERSFIELD_1366,1,1366,Red Stag by Jim Beam,50mL,5,6.45,1.29,2/2/2016,50,1,0.26,12546,JIM BEAM BRANDS COMPANY    
1_HARDERSFIELD_5626,1,5626,Baja Luna Black Raspberry,750mL,1,9.99,9.99,2/7/2016,750,1,0.79,8004,SAZERAC CO INC             
69_MOUNTMEND_8236,69,8236,Jim Beam,50mL,9,13.41,1.49,1/20/2016,50,1,0.47,12546,JIM BEAM BRANDS COMPANY    
8_ALNERWICK_5713,8,5713,DeKuyper Sour Apple Pucker,1.75L,1,14.99,14.99,1/26/2016,1750,1,1.84,12546,JIM BEAM BRANDS COMPANY    
41_LARNWICK_12586,41,12586,C Y Toro Frontera Malbec,1.5L,1,7.99,7.99,1/17/2016,1500,2,0.22,516,BANFI PRODUCTS CORP        
19_WINTERVALE_1378,19,1378,Jim Beam,375mL,1,9.49,9.49,1/27/2016,375,1,0.39,12546,JIM BEAM BRANDS COMPANY    
8_ALNERWICK_2752,8,2752,Johnnie Walker Black Label,750mL,1,34.99,34.99,1/18/2016,750,1,0.79,3960,DIAGEO NORTH AMERICA INC   
15_WANBORNE_1639,15,1639,The Famous Grouse,750mL,1,19.99,19.99,1/29/2016,750,1,0.79,2561,EDRINGTON AMERICAS         
76_DONCASTER_27145,76,27145,Schmitt Sohne QbA,750mL,1,10.99,10.99,1/28/2016,750,2,0.11,9552,M S WALKER INC             
25_CAERSHIRE_19190,25,19190,Noble Vines 242 Svgn Bl,750mL,1,10.99,10.99,1/30/2016,750,2,0.11,2242,DELICATO VINEYARDS INC     
34_PITMERDEN_3295,34,3295,Tito's Handmade Vodka,375mL,3,35.97,11.99,1/14/2016,375,1,1.18,4425,MARTIGNETTI COMPANIES
70_KELD_6186,70,6186,Rene Junot White,1.5L,1,11.99,11.99,1/22/2016,1500,2,0.22,7239,REMY COINTREAU USA INC     
79_BALLYMENA_29169,79,29169,Franzia Tap Merlot,5L,1,15.99,15.99,1/10/2016,5000,2,0.75,9815,WINE GROUP INC             
64_CESTERFIELD_19848,64,19848,Carnivor Cab Svgn,750mL,2,21.98,10.99,1/26/2016,750,2,0.22,3252,E & J GALLO WINERY         
75_BARNCOMBE_16837,75,16837,Beringer Classic Pink Moscat,750mL,1,6.99,6.99,1/6/2016,750,2,0.11,9819,TREASURY WINE ESTATES      
10_HORNSEY_6748,10,6748,Turning Leaf RSV Chard Cal,750mL,1,5.99,5.99,2/7/2016,750,2,0.11,3252,E & J GALLO WINERY         
34_PITMERDEN_5219,34,5219,Sambuca Romana Black,750mL,1,19.99,19.99,1/24/2016,750,1,0.79,3960,DIAGEO NORTH AMERICA INC   
13_TARMSWORTH_39750,13,39750,Red Diamond Merlot Wash,750mL,1,11.99,11.99,1/6/2016,750,2,0.11,8673,STE MICHELLE WINE ESTATES  
38_GOULCREST_39413,38,39413,Mirassou Pnt Nr Cntrl Coast,750mL,2,17.98,8.99,1/31/2016,750,2,0.22,3252,E & J GALLO WINERY         
15_WANBORNE_5396,15,5396,Tia Maria Coffee Liqueur,750mL,1,16.99,16.99,1/14/2016,750,1,0.79,4692,KOBRAND CORPORATION        
50_MOUNTMEND_3936,50,3936,Stolichnaya,Liter,4,99.96,24.99,1/7/2016,1000,1,4.2,8664,"STOLI GROUP,(USA) LLC      "
23_ARBINGTON_6535,23,6535,Sandeman Tawny Port,750mL,1,11.99,11.99,1/12/2016,750,2,0.11,17035,PERNOD RICARD USA          
1_HARDERSFIELD_8265,1,8265,Cockburns Fine Ruby Port,750mL,1,9.99,9.99,1/9/2016,750,2,0.11,7240,"PREMIUM PORT WINES, INC.   "
68_SOLARIS_39384,68,39384,F Coppola Diamond Pnt Nr,750mL,1,16.99,16.99,1/17/2016,750,2,0.11,2000,SOUTHERN WINE & SPIRITS NE 
55_DRY GULCH_3502,55,3502,Pinnacle Vodka,750mL,2,21.98,10.99,1/16/2016,750,1,1.57,12546,JIM BEAM BRANDS COMPANY    
23_ARBINGTON_3310,23,3310,Pinnacle Vodka,375mL,3,17.97,5.99,1/27/2016,375,1,1.18,12546,JIM BEAM BRANDS COMPANY    
10_HORNSEY_2689,10,2689,Black Velvet Reserve,1.75L,1,18.99,18.99,2/11/2016,1750,1,1.84,1392,CONSTELLATION BRANDS INC   
32_MOUNTMEND_28147,32,28147,Kris Pnt Grigio Alto Adige,750mL,1,12.99,12.99,1/11/2016,750,2,0.11,2000,SOUTHERN WINE & SPIRITS NE 
4_EANVERNESS_8680,4,8680,Crown Royal,1.75L,1,38.99,38.99,1/3/2016,1750,1,1.84,3960,DIAGEO NORTH AMERICA INC   
12_LEESIDE_3512,12,3512,Pinnacle Vodka,1.75L,1,16.99,16.99,2/3/2016,1750,1,1.84,12546,JIM BEAM BRANDS COMPANY    
10_HORNSEY_438,10,438,Licor 43 Vanilla Liqueur,750mL,1,16.99,16.99,2/8/2016,750,1,0.79,4425,MARTIGNETTI COMPANIES
39_EASTHALLOW_2226,39,2226,Jim Beam Devils Cut,1.75L,1,36.99,36.99,1/30/2016,1750,1,1.84,12546,JIM BEAM BRANDS COMPANY    
67_EANVERNESS_8200,67,8200,Chambord Liqueur de France,50mL,1,2.99,2.99,1/31/2016,50,1,0.05,1128,BROWN-FORMAN CORP          
43_WOLFORD_4234,43,4234,Bacardi Pineapple Fusion,750mL,1,13.99,13.99,1/10/2016,750,1,0.79,480,BACARDI USA INC            
15_WANBORNE_2794,15,2794,Bird Dog Bourbon,750mL,3,44.97,14.99,2/18/2016,750,1,2.36,9625,WESTERN SPIRITS BEVERAGE CO
73_DONCASTER_35103,73,35103,Ruffino Chianti Superiore,750mL,1,9.99,9.99,1/5/2016,750,2,0.11,1392,CONSTELLATION BRANDS INC   
79_BALLYMENA_3858,79,3858,Grey Goose Vodka,750mL,3,71.97,23.99,1/2/2016,750,1,2.36,480,BACARDI USA INC            
62_KILMARNOCK_41546,62,41546,Monkey Bay Svgn Bl,750mL,1,8.99,8.99,1/29/2016,750,2,0.11,1392,CONSTELLATION BRANDS INC   
51_ABERDEEN_14342,51,14342,Cupcake Pnt Nr,750mL,3,25.47,8.49,1/20/2016,750,2,0.34,9815,WINE GROUP INC             
75_BARNCOMBE_15229,75,15229,The Prisoner Red Napa Valley,750mL,1,41.99,41.99,1/28/2016,750,2,0.11,1392,CONSTELLATION BRANDS INC   
9_BLACKPOOL_31790,9,31790,Dominio de Eguren Protocolo,750mL,2,15.98,7.99,1/15/2016,750,2,0.22,9552,M S WALKER INC             
11_CARDEND_7995,11,7995,Patron Reposado Tequila,50mL,1,6.49,6.49,1/26/2016,50,1,0.05,9165,ULTRA BEVERAGE COMPANY LLP 
64_CESTERFIELD_13143,64,13143,F Coppola Directors Chard,750mL,2,29.98,14.99,1/15/2016,750,2,0.22,2000,SOUTHERN WINE & SPIRITS NE 
72_HARDERSFIELD_3727,72,3727,Absolut Citron,50mL,1,1.99,1.99,1/19/2016,50,1,0.05,17035,PERNOD RICARD USA          
73_DONCASTER_26383,73,26383,Buehler Chard RRV,750mL,1,11.99,11.99,1/5/2016,750,2,0.11,4425,MARTIGNETTI COMPANIES
1_HARDERSFIELD_3562,1,3562,Pearl Vodka,50mL,3,2.97,0.99,2/17/2016,50,1,0.16,8352,LUXCO INC                  
51_ABERDEEN_3162,51,3162,Burnett's Peach Vodka,50mL,1,0.99,0.99,1/19/2016,50,1,0.05,3924,HEAVEN HILL DISTILLERIES   
67_EANVERNESS_3351,67,3351,Pinnacle Whipped Vodka,1.75L,2,33.98,16.99,1/17/2016,1750,1,3.67,12546,JIM BEAM BRANDS COMPANY    
13_TARMSWORTH_4174,13,4174,Kraken Black Spiced Rum,1.75L,1,26.99,26.99,1/31/2016,1750,1,1.84,7245,PROXIMO SPIRITS INC.       
66_EANVERNESS_4243,66,4243,Bacardi Superior Rum,1.75L,1,23.99,23.99,1/28/2016,1750,1,1.84,480,BACARDI USA INC            
14_BROMWICH_12213,14,12213,Evodia Garnacha Old Vine,750mL,1,7.99,7.99,2/22/2016,750,2,0.11,9552,M S WALKER INC             
66_EANVERNESS_3689,66,3689,Stolichnaya Vanil,750mL,1,17.99,17.99,1/16/2016,750,1,0.79,8664,"STOLI GROUP,(USA) LLC      "
55_DRY GULCH_3310,55,3310,Pinnacle Vodka,375mL,2,11.98,5.99,1/4/2016,375,1,0.79,12546,JIM BEAM BRANDS COMPANY    
23_ARBINGTON_42410,23,42410,Acorn Medley Alegria RRV,750mL,1,25.79,25.79,1/29/2016,750,2,0.11,10754,PERFECTA WINES             
73_DONCASTER_7219,73,7219,Herradura Reposado NHSLC,750mL,1,45.99,45.99,1/20/2016,750,2,0.11,1128,BROWN-FORMAN CORP          
24_PALPERROTH_6349,24,6349,Glen Ellen Chard RSV,1.5L,6,41.94,6.99,1/23/2016,1500,2,1.35,9815,WINE GROUP INC             
72_HARDERSFIELD_35918,72,35918,Stone Cellars Pnt Grigio,1.5L,4,39.96,9.99,1/28/2016,1500,2,0.9,9819,TREASURY WINE ESTATES      
12_LEESIDE_19748,12,19748,Clos du Bois Chard,1.5L,5,74.95,14.99,1/22/2016,1500,2,1.12,1392,CONSTELLATION BRANDS INC   
25_CAERSHIRE_6455,25,6455,Folonari Pinot Grigio Venez,1.5L,3,38.97,12.99,1/22/2016,1500,2,0.68,9744,FREDERICK WILDMAN & SONS   
48_NORFOLK_3684,48,3684,Fleischmanns Royal Vodka,1.75L,2,19.98,9.99,1/6/2016,1750,1,3.67,660,SAZERAC NORTH AMERICA INC. 
50_MOUNTMEND_2957,50,2957,Glenfarclas 12-Yr Scotch,750mL,1,35.99,35.99,1/9/2016,750,1,0.79,8004,SAZERAC CO INC             
59_CLAETHORPES_38178,59,38178,Rex Goliath Cab Svgn,750mL,2,11.98,5.99,1/13/2016,750,2,0.22,1392,CONSTELLATION BRANDS INC   
55_DRY GULCH_2499,55,2499,Crown Royal Black,750mL,1,29.99,29.99,1/30/2016,750,1,0.79,3960,DIAGEO NORTH AMERICA INC   
66_EANVERNESS_12220,66,12220,Angeline Pnt Nr,750mL,1,10.99,10.99,1/4/2016,750,2,0.11,9552,M S WALKER INC             
67_EANVERNESS_5325,67,5325,Hornitos Spiced Honey Liquer,750mL,1,17.99,17.99,1/20/2016,750,1,0.79,12546,JIM BEAM BRANDS COMPANY    
77_TAMWORTH_3583,77,3583,Smirnoff Orange Vodka,1.75L,1,22.99,22.99,1/30/2016,1750,1,1.84,3960,DIAGEO NORTH AMERICA INC   
63_SWORDBREAK_3522,63,3522,Platinum 7X Distilled Vodka,1.75L,1,12.99,12.99,1/6/2016,1750,1,1.84,8004,SAZERAC CO INC             
33_HORNSEY_19934,33,19934,Perrin Cotes du Rhone RSV Rg,750mL,1,10.99,10.99,1/10/2016,750,2,0.11,1587,VINEYARD BRANDS INC        
14_BROMWICH_4327,14,4327,Capt Morgan Spiced Rum 100,750mL,1,19.99,19.99,2/8/2016,750,1,0.79,3960,DIAGEO NORTH AMERICA INC   
76_DONCASTER_8178,76,8178,Bulleit Bourbon,750mL,4,111.96,27.99,1/1/2016,750,1,3.15,3960,DIAGEO NORTH AMERICA INC   
49_GARIGILL_44334,49,44334,Noble Vines 337 Cab Svgn,750mL,1,11.99,11.99,1/6/2016,750,2,0.11,2242,DELICATO VINEYARDS INC     
2_ASHBORNE_8184,2,8184,Kahlua,50mL,1,1.99,1.99,1/19/2016,50,1,0.05,17035,PERNOD RICARD USA          
63_SWORDBREAK_3837,63,3837,Skyy Vodka,50mL,2,1.98,0.99,1/17/2016,50,1,0.1,11567,CAMPARI AMERICA            
50_MOUNTMEND_2890,50,2890,Four Roses Bourbon,750mL,4,119.96,29.99,1/16/2016,750,1,3.15,9552,M S WALKER INC             
64_CESTERFIELD_3871,64,3871,Smirnoff Watermelon Vodka,750mL,1,10.99,10.99,1/29/2016,750,1,0.79,3960,DIAGEO NORTH AMERICA INC   
6_GOULCREST_8111,6,8111,Smirnoff 80 Proof,50mL,16,15.84,0.99,1/23/2016,50,1,0.84,3960,DIAGEO NORTH AMERICA INC   
24_PALPERROTH_5251,24,5251,DeKuyper Buttershots Schnpps,50mL,2,1.98,0.99,1/26/2016,50,1,0.1,12546,JIM BEAM BRANDS COMPANY    
51_ABERDEEN_1180,51,1180,Evan Williams Black Label B,1.75L,1,17.99,17.99,1/29/2016,1750,1,1.84,3924,HEAVEN HILL DISTILLERIES   
69_MOUNTMEND_10723,69,10723,R M Woodbridge Chard,1.5L,2,27.98,13.99,1/20/2016,1500,2,0.45,1392,CONSTELLATION BRANDS INC   
25_CAERSHIRE_4682,25,4682,Courvoisier VSOP Cognac,750mL,1,34.99,34.99,1/26/2016,750,1,0.79,12546,JIM BEAM BRANDS COMPANY    
23_ARBINGTON_5292,23,5292,Rumpleminze,750mL,1,19.99,19.99,1/11/2016,750,1,0.79,3960,DIAGEO NORTH AMERICA INC   
48_NORFOLK_3913,48,3913,Svedka Vodka,1.75L,2,35.98,17.99,1/19/2016,1750,1,3.67,1392,CONSTELLATION BRANDS INC   
19_WINTERVALE_1955,19,1955,Jack Daniels Tennessee Honey,375mL,1,12.99,12.99,2/26/2016,375,1,0.39,1128,BROWN-FORMAN CORP          
16_LUNDY_7221,16,7221,M & R Sweet Vermouth,1.5L,1,10.49,10.49,2/9/2016,1500,2,0.22,480,BACARDI USA INC            
6_GOULCREST_3910,6,3910,Hornitos Plata Tequila,375mL,1,11.49,11.49,1/9/2016,375,1,0.39,12546,JIM BEAM BRANDS COMPANY    
72_HARDERSFIELD_4670,72,4670,Bacardi Dragon Berry Rum,375mL,3,17.97,5.99,1/16/2016,375,1,1.18,480,BACARDI USA INC            
25_CAERSHIRE_24378,25,24378,Napa Highlands Meritage,750mL,1,9.99,9.99,1/26/2016,750,2,0.11,9165,ULTRA BEVERAGE COMPANY LLP 
25_CAERSHIRE_6864,25,6864,St Francis Chard,750mL,1,11.99,11.99,1/26/2016,750,2,0.11,4692,KOBRAND CORPORATION        
32_MOUNTMEND_5676,32,5676,Kinky Liqueur,50mL,1,1.99,1.99,1/25/2016,50,1,0.05,7153,PINE STATE TRADING CO      
75_BARNCOMBE_8085,75,8085,Wild Turkey,1.75L,1,35.99,35.99,1/19/2016,1750,1,1.84,11567,CAMPARI AMERICA            
31_HORNSEY_5725,31,5725,DeKuyper Sour Apple Pucker,750mL,2,21.98,10.99,1/15/2016,750,1,1.57,12546,JIM BEAM BRANDS COMPANY    
34_PITMERDEN_46816,34,46816,Alexander Vly Vyds Gewurz,750mL,1,9.99,9.99,1/13/2016,750,2,0.11,7153,PINE STATE TRADING CO      
12_LEESIDE_2015,12,2015,Jack Daniels Tennessee Honey,750mL,1,23.99,23.99,2/12/2016,750,1,0.79,1128,BROWN-FORMAN CORP          
69_MOUNTMEND_32368,69,32368,Cavit Pinot Noir Delle Vene,1.5L,1,14.99,14.99,1/5/2016,1500,2,0.22,6785,PALM BAY INTERNATIONAL INC 
66_EANVERNESS_6595,66,6595,Bogle Merlot,750mL,1,11.99,11.99,1/6/2016,750,2,0.11,4425,MARTIGNETTI COMPANIES
73_DONCASTER_15047,73,15047,Zaccagnini Pnt Grigio,750mL,1,18.99,18.99,1/9/2016,750,2,0.11,2000,SOUTHERN WINE & SPIRITS NE 
50_MOUNTMEND_8513,50,8513,Baileys Irish Cream Mini's 4,100mL 4 Pk,2,17.98,8.99,1/19/2016,100,1,0.21,3960,DIAGEO NORTH AMERICA INC   
20_BREDWARDINE_7345,20,7345,M & R Asti,750mL,1,9.99,9.99,1/28/2016,750,2,0.11,480,BACARDI USA INC            
74_PAENTMARWY_26530,74,26530,Corbett Canyon Merlot,1.5L,1,6.99,6.99,1/21/2016,1500,2,0.22,9815,WINE GROUP INC             
68_SOLARIS_8101,68,8101,Tanqueray,50mL,2,3.98,1.99,1/14/2016,50,1,0.1,3960,DIAGEO NORTH AMERICA INC   
64_CESTERFIELD_43809,64,43809,R M Woodbridge Pnt Nr,1.5L,4,55.96,13.99,1/27/2016,1500,2,0.9,1392,CONSTELLATION BRANDS INC   
71_CLARCTON_3858,71,3858,Grey Goose Vodka,750mL,2,47.98,23.99,1/9/2016,750,1,1.57,480,BACARDI USA INC            
34_PITMERDEN_4194,34,4194,Calico Jack Coconut Rum,1.75L,2,25.98,12.99,1/17/2016,1750,1,3.67,12546,JIM BEAM BRANDS COMPANY    
72_HARDERSFIELD_1892,72,1892,Yukon Jack,50mL,23,22.77,0.99,1/7/2016,50,1,1.21,3960,DIAGEO NORTH AMERICA INC   
67_EANVERNESS_3579,67,3579,Ciroc Pineapple Vodka,375mL,1,11.99,11.99,1/9/2016,375,1,0.39,3960,DIAGEO NORTH AMERICA INC   
38_GOULCREST_12773,38,12773,Joel Gott Znfdl,750mL,20,299.8,14.99,1/26/2016,750,2,2.25,8892,TRINCHERO FAMILY ESTATES   
67_EANVERNESS_17162,67,17162,Menage a Trois Pnt Grigio,750mL,1,10.99,10.99,1/29/2016,750,2,0.11,8892,TRINCHERO FAMILY ESTATES   
10_HORNSEY_3335,10,3335,Tanqueray Sterling Vodka,750mL,1,10.99,10.99,1/19/2016,750,1,0.79,3960,DIAGEO NORTH AMERICA INC   
60_IRRAGIN_4194,60,4194,Calico Jack Coconut Rum,1.75L,2,25.98,12.99,1/16/2016,1750,1,3.67,12546,JIM BEAM BRANDS COMPANY    
33_HORNSEY_3522,33,3522,Platinum 7X Distilled Vodka,1.75L,3,38.97,12.99,1/20/2016,1750,1,5.51,8004,SAZERAC CO INC             
50_MOUNTMEND_4250,50,4250,Zaya Grand Reserva Rum,750mL,2,89.98,44.99,1/14/2016,750,1,1.57,9165,ULTRA BEVERAGE COMPANY LLP 
74_PAENTMARWY_7978,74,7978,M & R X Dry Vermouth,750mL,1,7.49,7.49,1/1/2016,750,1,0.79,480,BACARDI USA INC            
43_WOLFORD_13708,43,13708,Bota Box Cab Svgn,3L,1,21.99,21.99,1/24/2016,3000,2,0.45,2242,DELICATO VINEYARDS INC     
2_ASHBORNE_4945,2,4945,Jacquin Ginger Brandy,750mL,3,28.47,9.49,1/20/2016,750,1,2.36,4380,CHARLES JACQUIN ET CIE INC 
66_EANVERNESS_5138,66,5138,Fireball Cinnamon Whisky,750mL,10,139.9,13.99,1/7/2016,750,1,7.87,8004,SAZERAC CO INC             
12_LEESIDE_8421,12,8421,Beringer Classic Wh Znfdl,750mL,1,6.99,6.99,1/31/2016,750,2,0.11,9819,TREASURY WINE ESTATES      
38_GOULCREST_5111,38,5111,Dr McGillicuddy's Mentholmnt,50mL,30,29.7,0.99,1/15/2016,50,1,1.57,8004,SAZERAC CO INC             
68_SOLARIS_1895,68,1895,Senators Club,Liter,1,6.99,6.99,1/3/2016,1000,1,1.05,4848,LAIRD & CO                 
67_EANVERNESS_20000,67,20000,Soter Vyds Planet Oregon Pnt,750mL,13,136.37,10.49,1/14/2016,750,2,1.46,4425,MARTIGNETTI COMPANIES
5_SUTTON_12368,5,12368,Vina Zaco Tempranillo Rioja,750mL,1,11.99,11.99,1/17/2016,750,2,0.11,9165,ULTRA BEVERAGE COMPANY LLP 
10_HORNSEY_34175,10,34175,Lindemans Bin 50 Shiraz,1.5L,1,8.99,8.99,2/26/2016,1500,2,0.22,4425,MARTIGNETTI COMPANIES
28_LARNWICK_3529,28,3529,U V Vodka,1.75L,1,13.99,13.99,1/15/2016,1750,1,1.84,9206,PHILLIPS PRODUCTS CO.      
62_KILMARNOCK_4225,62,4225,Goslings Black Seal Bermuda,1.75L,1,24.99,24.99,1/4/2016,1750,1,1.84,1485,CASTLE BRANDS CORP.        
2_ASHBORNE_11219,2,11219,Josh Cellars Cab Svgn Sonoma,750mL,1,14.99,14.99,1/19/2016,750,2,0.11,4425,MARTIGNETTI COMPANIES
14_BROMWICH_4227,14,4227,Bacardi Superior Rum Trav,1.75L,17,305.83,17.99,2/9/2016,1750,1,31.24,480,BACARDI USA INC            
68_SOLARIS_3746,68,3746,Gordons Vodka 80 Proof,1.75L,3,38.97,12.99,1/2/2016,1750,1,5.51,3960,DIAGEO NORTH AMERICA INC   
55_DRY GULCH_39413,55,39413,Mirassou Pnt Nr Cntrl Coast,750mL,7,62.93,8.99,1/13/2016,750,2,0.79,3252,E & J GALLO WINERY         
67_EANVERNESS_3562,67,3562,Pearl Vodka,50mL,1,0.99,0.99,1/8/2016,50,1,0.05,8352,LUXCO INC                  
75_BARNCOMBE_3967,75,3967,Deep Eddy Ruby Red,750mL,1,18.99,18.99,1/10/2016,750,1,0.79,3924,HEAVEN HILL DISTILLERIES   
4_EANVERNESS_45885,4,45885,Mer Soleil Silver Chard,750mL,1,19.99,19.99,1/23/2016,750,2,0.11,4425,MARTIGNETTI COMPANIES
14_BROMWICH_8660,14,8660,Drambuie Liqueur,375mL,2,25.98,12.99,1/16/2016,375,1,0.79,3664,WILLIAM GRANT & SONS INC   
12_LEESIDE_12213,12,12213,Evodia Garnacha Old Vine,750mL,1,9.99,9.99,1/12/2016,750,2,0.11,9552,M S WALKER INC             
50_MOUNTMEND_24002,50,24002,Corbett Canyon Chard,1.5L,1,6.99,6.99,1/31/2016,1500,2,0.22,9815,WINE GROUP INC             
6_GOULCREST_5767,6,5767,Jose Cuervo Strawberry Marg,1.75L,1,13.99,13.99,1/30/2016,1750,1,1.84,7245,PROXIMO SPIRITS INC.       
76_DONCASTER_25789,76,25789,Ch Pitot Brdx,750mL,2,19.98,9.99,1/2/2016,750,2,0.22,9165,ULTRA BEVERAGE COMPANY LLP 
57_LANTEGLOS_7423,57,7423,Manischewitz Concord Kosher,1.5L,2,17.98,8.99,1/23/2016,1500,2,0.45,1392,CONSTELLATION BRANDS INC   
70_KELD_3606,70,3606,Smirnoff Raspberry Vodka,50mL,16,15.84,0.99,1/28/2016,50,1,0.84,3960,DIAGEO NORTH AMERICA INC   
47_PELLA'S WISH_8398,47,8398,Casamigos Blanco,750mL,1,53.99,53.99,1/15/2016,750,1,0.79,6213,MHW LTD                    
38_GOULCREST_8085,38,8085,Wild Turkey,1.75L,2,63.98,31.99,1/2/2016,1750,1,3.67,11567,CAMPARI AMERICA            
22_SHARNWICK_4438,22,4438,Cruzan Black Cherry Rum,750mL,1,9.99,9.99,1/18/2016,750,1,0.79,12546,JIM BEAM BRANDS COMPANY    
69_MOUNTMEND_8296,69,8296,Knob Creek Smoked Maple,750mL,1,27.99,27.99,1/23/2016,750,1,0.79,12546,JIM BEAM BRANDS COMPANY    
15_WANBORNE_2797,15,2797,Wicked 87 Whiskey,50mL,11,10.89,0.99,1/29/2016,50,1,0.58,7153,PINE STATE TRADING CO      
54_GUTHRAM_35916,54,35916,Stone Cellars Merlot,1.5L,1,7.99,7.99,1/21/2016,1500,2,0.22,9819,TREASURY WINE ESTATES      
9_BLACKPOOL_3356,9,3356,Svedka Vodka,375mL,2,11.98,5.99,1/28/2016,375,1,0.79,1392,CONSTELLATION BRANDS INC   
33_HORNSEY_3727,33,3727,Absolut Citron,50mL,3,5.97,1.99,1/14/2016,50,1,0.16,17035,PERNOD RICARD USA          
76_DONCASTER_25643,76,25643,Kunde Magnolia Lane Svgn Bl,750mL,1,12.99,12.99,1/26/2016,750,2,0.11,4425,MARTIGNETTI COMPANIES
18_FURNESS_1892,18,1892,Yukon Jack,50mL,8,7.92,0.99,2/4/2016,50,1,0.42,3960,DIAGEO NORTH AMERICA INC   
43_WOLFORD_4181,43,4181,Calypso Spiced Rum,1.75L,1,11.99,11.99,1/16/2016,1750,1,1.84,660,SAZERAC NORTH AMERICA INC. 
34_PITMERDEN_44362,34,44362,Cusumano Nero D'Avola Sicily,750mL,3,32.97,10.99,1/28/2016,750,2,0.34,9165,ULTRA BEVERAGE COMPANY LLP 
53_HILLFAR_8202,53,8202,Sambuca Romana,750mL,1,17.99,17.99,1/1/2016,750,1,0.79,3960,DIAGEO NORTH AMERICA INC   
55_DRY GULCH_2062,55,2062,Woodford Reserve Bourbon,1.75L,1,64.99,64.99,1/15/2016,1750,1,1.84,1128,BROWN-FORMAN CORP          
69_MOUNTMEND_6535,69,6535,Sandeman Tawny Port,750mL,1,11.99,11.99,1/7/2016,750,2,0.11,17035,PERNOD RICARD USA          
1_HARDERSFIELD_5103,1,5103,Fireball Cinnamon Whisky,1.75L,1,28.99,28.99,1/10/2016,1750,1,1.84,8004,SAZERAC CO INC             
69_MOUNTMEND_8958,69,8958,Malibu Peach Sparkler RTD,750mL,1,9.99,9.99,1/22/2016,750,1,0.79,17035,PERNOD RICARD USA          
4_EANVERNESS_29248,4,29248,Toasted Head Chard,750mL,3,32.97,10.99,1/25/2016,750,2,0.34,1392,CONSTELLATION BRANDS INC   
1_HARDERSFIELD_4359,1,4359,Mr Boston Light Rum,1.75L,1,10.99,10.99,2/11/2016,1750,1,1.84,660,SAZERAC NORTH AMERICA INC. 
50_MOUNTMEND_28775,50,28775,C K Mondavi Merlot,1.5L,1,10.99,10.99,1/22/2016,1500,2,0.22,2000,SOUTHERN WINE & SPIRITS NE 
45_VERITAS_8961,45,8961,Jose Cuervo Especial,50mL,2,2.98,1.49,1/30/2016,50,1,0.1,7245,PROXIMO SPIRITS INC.       
23_ARBINGTON_6174,23,6174,Columbia Crest Grand Merlot,750mL,1,9.99,9.99,1/26/2016,750,2,0.11,8673,STE MICHELLE WINE ESTATES  
15_WANBORNE_36378,15,36378,MezzaCorona Pnt Grigio,1.5L,4,43.96,10.99,2/19/2016,1500,2,0.9,9165,ULTRA BEVERAGE COMPANY LLP 
66_EANVERNESS_7993,66,7993,Stock Italian X Dry Vermouth,750mL,2,12.98,6.49,1/16/2016,750,1,1.57,8352,LUXCO INC                  
11_CARDEND_33149,11,33149,Alamos Ridge Malbec Mendoza,750mL,12,119.88,9.99,1/22/2016,750,2,1.35,3252,E & J GALLO WINERY         
60_IRRAGIN_3547,60,3547,Ketel One Vodka,50mL,1,2.79,2.79,1/20/2016,50,1,0.05,3960,DIAGEO NORTH AMERICA INC   
16_LUNDY_1375,16,1375,Jim Beam,750mL,1,14.49,14.49,1/12/2016,750,1,0.79,12546,JIM BEAM BRANDS COMPANY    
64_CESTERFIELD_41072,64,41072,Angeline Pnt Nr Rsv,750mL,1,11.99,11.99,1/3/2016,750,2,0.11,9552,M S WALKER INC             
68_SOLARIS_7262,68,7262,Gallo Sweet Vermouth,750mL,1,5.49,5.49,1/25/2016,750,2,0.11,3252,E & J GALLO WINERY         
1_HARDERSFIELD_515,1,515,Hirsch Selection Bourbon,750mL,2,69.98,34.99,2/5/2016,750,1,1.57,9165,ULTRA BEVERAGE COMPANY LLP 
54_GUTHRAM_34134,54,34134,Turning Leaf RSV Chard Cal,1.5L,2,17.98,8.99,1/20/2016,1500,2,0.45,3252,E & J GALLO WINERY         
49_GARIGILL_3595,49,3595,Smirnoff Blue 100 Proof,750mL,2,31.98,15.99,1/2/2016,750,1,1.57,3960,DIAGEO NORTH AMERICA INC   
11_CARDEND_13665,11,13665,Josh Cellars Chard,750mL,3,38.97,12.99,1/25/2016,750,2,0.34,4425,MARTIGNETTI COMPANIES
74_PAENTMARWY_14342,74,14342,Cupcake Pnt Nr,750mL,1,8.49,8.49,1/23/2016,750,2,0.11,9815,WINE GROUP INC             
33_HORNSEY_3522,33,3522,Platinum 7X Distilled Vodka,1.75L,4,51.96,12.99,1/30/2016,1750,1,7.35,8004,SAZERAC CO INC             
56_BEGGAR'S HOLE_24188,56,24188,St Francis Cab Svgn Sonoma,750mL,2,33.98,16.99,1/14/2016,750,2,0.22,4692,KOBRAND CORPORATION        
34_PITMERDEN_24863,34,24863,Double Canyon Heaven H Cab S,750mL,1,23.99,23.99,1/30/2016,750,2,0.11,4425,MARTIGNETTI COMPANIES
49_GARIGILL_28266,49,28266,Nathanson Creek Wh Znfdl,1.5L,1,9.99,9.99,1/30/2016,1500,2,0.22,1392,CONSTELLATION BRANDS INC   
19_WINTERVALE_24779,19,24779,Straccali Chianti,1.5L,1,14.99,14.99,1/13/2016,1500,2,0.22,6785,PALM BAY INTERNATIONAL INC 
10_HORNSEY_10058,10,10058,F Coppola Dmd Ivry Cab Svgn,750mL,1,14.99,14.99,1/5/2016,750,2,0.11,2000,SOUTHERN WINE & SPIRITS NE 
70_KELD_8910,70,8910,Finlandia Vodka,50mL,3,2.97,0.99,1/14/2016,50,1,0.16,1128,BROWN-FORMAN CORP          
21_BALERNO_4227,21,4227,Bacardi Superior Rum Trav,1.75L,2,35.98,17.99,1/25/2016,1750,1,3.67,480,BACARDI USA INC            
33_HORNSEY_3154,33,3154,New Amsterdam Peach Vodka,750mL,1,9.99,9.99,1/20/2016,750,1,0.79,3252,E & J GALLO WINERY         
14_BROMWICH_3706,14,3706,Pinnacle Citrus Vodka,1.75L,1,16.99,16.99,1/18/2016,1750,1,1.84,12546,JIM BEAM BRANDS COMPANY    
17_OLDHAM_4267,17,4267,Bacardi Limon Rum,1.75L,1,23.99,23.99,1/8/2016,1750,1,1.84,480,BACARDI USA INC            
12_LEESIDE_23998,12,23998,Belguardo Serrata Toscana,750mL,3,29.97,9.99,1/21/2016,750,2,0.34,6785,PALM BAY INTERNATIONAL INC 
51_ABERDEEN_34133,51,34133,Turning Leaf RSV Cab Svgn,1.5L,2,17.98,8.99,1/28/2016,1500,2,0.45,3252,E & J GALLO WINERY         
8_ALNERWICK_4261,8,4261,Capt Morgan Spiced Rum,1.75L,10,219.9,21.99,1/13/2016,1750,1,18.38,3960,DIAGEO NORTH AMERICA INC   
58_HARTLEPOOL_3687,58,3687,Fleischmanns Royal Traveler,750mL,4,23.96,5.99,1/29/2016,750,1,3.15,660,SAZERAC NORTH AMERICA INC. 
41_LARNWICK_14706,41,14706,Cupcake Prosecco,750mL,17,118.83,6.99,1/3/2016,750,2,1.91,9815,WINE GROUP INC             
49_GARIGILL_6932,49,6932,Santa Rita 120 Chard,750mL,1,5.99,5.99,1/29/2016,750,2,0.11,6785,PALM BAY INTERNATIONAL INC 
15_WANBORNE_4135,15,4135,Smirnoff Blueberry Vodka,50mL,15,14.85,0.99,2/27/2016,50,1,0.79,3960,DIAGEO NORTH AMERICA INC   
49_GARIGILL_6932,49,6932,Santa Rita 120 Chard,750mL,1,5.99,5.99,1/20/2016,750,2,0.11,6785,PALM BAY INTERNATIONAL INC 
34_PITMERDEN_3821,34,3821,Smirnoff Vanilla Vodka,750mL,1,10.99,10.99,1/24/2016,750,1,0.79,3960,DIAGEO NORTH AMERICA INC   
12_LEESIDE_5134,12,5134,Dr McGillicuddy's Cherry,750mL,1,13.99,13.99,2/6/2016,750,1,0.79,8004,SAZERAC CO INC             
6_GOULCREST_3607,6,3607,Smirnoff Citrus Vodka,50mL,21,20.79,0.99,1/13/2016,50,1,1.1,3960,DIAGEO NORTH AMERICA INC   
48_NORFOLK_7986,48,7986,Sapling Vermont Maple Liquer,750mL,1,29.99,29.99,1/25/2016,750,1,0.79,9165,ULTRA BEVERAGE COMPANY LLP 
3_HORNSEY_2250,3,2250,Jack Daniels Family 4 Pk/50m,50mL 4 Pk,1,12.99,12.99,1/15/2016,50,1,0.05,1128,BROWN-FORMAN CORP          
7_STANMORE_7262,7,7262,Gallo Sweet Vermouth,750mL,1,5.49,5.49,1/13/2016,750,2,0.11,3252,E & J GALLO WINERY         
53_HILLFAR_77,53,77,Three Olives Espresso Vodka,750mL,1,12.99,12.99,1/20/2016,750,1,0.79,7245,PROXIMO SPIRITS INC.       
7_STANMORE_17910,7,17910,Estancia Unoaked Chard,750mL,1,9.99,9.99,1/16/2016,750,2,0.11,1392,CONSTELLATION BRANDS INC   
54_GUTHRAM_5750,54,5750,Malibu Rum Traveler,750mL,1,12.99,12.99,1/8/2016,750,1,0.79,17035,PERNOD RICARD USA          
50_MOUNTMEND_7977,50,7977,M & R X Dry Vermouth,1.5L,4,41.96,10.49,1/10/2016,1500,1,6.3,480,BACARDI USA INC            
37_PAETHSMOUTH_4261,37,4261,Capt Morgan Spiced Rum,1.75L,2,43.98,21.99,1/27/2016,1750,1,3.67,3960,DIAGEO NORTH AMERICA INC   
38_GOULCREST_4194,38,4194,Calico Jack Coconut Rum,1.75L,1,12.99,12.99,1/8/2016,1750,1,1.84,12546,JIM BEAM BRANDS COMPANY    
66_EANVERNESS_1921,66,1921,Glenfiddich Special Rsv 12,1.75L,2,135.98,67.99,1/24/2016,1750,1,3.67,3664,WILLIAM GRANT & SONS INC   
1_HARDERSFIELD_7282,1,7282,Colombo Marsala Sweet,750mL,4,39.96,9.99,1/22/2016,750,2,0.45,9552,M S WALKER INC             
48_NORFOLK_8480,48,8480,Clan MacGregor,1.75L,1,18.99,18.99,1/15/2016,1750,1,1.84,3664,WILLIAM GRANT & SONS INC   
76_DONCASTER_31915,76,31915,F Coppola Diamond Chard,750mL,2,25.98,12.99,1/24/2016,750,2,0.22,2000,SOUTHERN WINE & SPIRITS NE 
33_HORNSEY_1379,33,1379,Jim Beam Traveler,750mL,2,28.98,14.49,1/8/2016,750,1,1.57,12546,JIM BEAM BRANDS COMPANY    
42_BLACK HOLLOW_3724,42,3724,Absolut Citron,750mL,3,53.97,17.99,1/22/2016,750,1,2.36,17035,PERNOD RICARD USA          
58_HARTLEPOOL_44037,58,44037,Barefoot Pnt Grigio Cal,750mL,1,6.29,6.29,1/11/2016,750,2,0.11,3252,E & J GALLO WINERY         
22_SHARNWICK_482,22,482,Absolut 80 Proof,Liter,1,21.99,21.99,1/13/2016,1000,1,1.05,17035,PERNOD RICARD USA          
15_WANBORNE_598,15,598,Stolichnaya Ohranj Orange,Liter,5,124.95,24.99,1/21/2016,1000,1,5.25,8664,"STOLI GROUP,(USA) LLC      "
69_MOUNTMEND_2751,69,2751,Johnnie Walker Black Label,375mL,1,19.99,19.99,1/21/2016,375,1,0.39,3960,DIAGEO NORTH AMERICA INC   
71_CLARCTON_3766,71,3766,Three Olives Grape Vodka,750mL,1,12.99,12.99,1/23/2016,750,1,0.79,7245,PROXIMO SPIRITS INC.       
2_ASHBORNE_4229,2,4229,Bacardi Black,1.75L,1,23.99,23.99,1/12/2016,1750,1,1.84,480,BACARDI USA INC            
13_TARMSWORTH_3246,13,3246,Bentley's Vodka,1.75L,3,26.37,8.79,2/21/2016,1750,1,5.51,8004,SAZERAC CO INC             
21_BALERNO_16758,21,16758,Dolin Sweet Red Vermouth,750mL,1,13.99,13.99,1/30/2016,750,2,0.11,653,STATE WINE & SPIRITS   
66_EANVERNESS_10453,66,10453,Line 39 Svgn Bl Lake County,750mL,1,9.99,9.99,1/27/2016,750,2,0.11,7153,PINE STATE TRADING CO      
41_LARNWICK_5364,41,5364,Kahlua,1.75L,6,191.94,31.99,1/15/2016,1750,1,11.02,17035,PERNOD RICARD USA          
56_BEGGAR'S HOLE_6565,56,6565,Clos du Bois Cab Svgn N Cst,750mL,3,29.97,9.99,1/25/2016,750,2,0.34,1392,CONSTELLATION BRANDS INC   
14_BROMWICH_27644,14,27644,Cline Znfdl Cal,750mL,1,9.99,9.99,2/17/2016,750,2,0.11,4425,MARTIGNETTI COMPANIES
75_BARNCOMBE_12147,75,12147,Sterling Vintners CA Meritag,750mL,1,9.99,9.99,1/18/2016,750,2,0.11,1590,DIAGEO CHATEAU ESTATE WINES
15_WANBORNE_12192,15,12192,Meander Cab Svgn Napa Vly,750mL,1,59.99,59.99,1/2/2016,750,2,0.11,9165,ULTRA BEVERAGE COMPANY LLP 
33_HORNSEY_2152,33,2152,New Amsterdam Gin,750mL,1,9.99,9.99,1/31/2016,750,1,0.79,3252,E & J GALLO WINERY         
1_HARDERSFIELD_5697,1,5697,Metcalfe's Maple Liqueur,750mL,1,22.99,22.99,1/29/2016,750,1,0.79,9165,ULTRA BEVERAGE COMPANY LLP 
15_WANBORNE_31866,15,31866,F Coppola Diamond Merlot,750mL,1,14.99,14.99,2/20/2016,750,2,0.11,2000,SOUTHERN WINE & SPIRITS NE 
53_HILLFAR_5255,53,5255,TGI Fridays Ultimte Mudslide,1.75L,1,12.99,12.99,1/22/2016,1750,1,1.84,4466,AMERICAN VINTAGE BEVERAGE  
5_SUTTON_5348,5,5348,St Brendans Irish Cream,750mL,1,13.99,13.99,1/29/2016,750,1,0.79,8352,LUXCO INC                  
56_BEGGAR'S HOLE_7993,56,7993,Stock Italian X Dry Vermouth,750mL,1,6.49,6.49,1/3/2016,750,1,0.79,8352,LUXCO INC                  
76_DONCASTER_32924,76,32924,Silverado Cab Svgn Napa,750mL,2,85.98,42.99,1/17/2016,750,2,0.22,4425,MARTIGNETTI COMPANIES
15_WANBORNE_2954,15,2954,Highland Park 12 Yr Single,750mL,1,54.99,54.99,1/31/2016,750,1,0.79,2561,EDRINGTON AMERICAS         
1_HARDERSFIELD_31160,1,31160,Monsanto Chianti Clsc RSV,750mL,6,119.94,19.99,1/28/2016,750,2,0.68,9552,M S WALKER INC             
41_LARNWICK_3294,41,3294,Leaf Vodka Alaskian Glacial,750mL,1,16.99,16.99,1/29/2016,750,1,0.79,4425,MARTIGNETTI COMPANIES
13_TARMSWORTH_3882,13,3882,Smirnoff Strawberry Vodka,750mL,1,10.99,10.99,1/22/2016,750,1,0.79,3960,DIAGEO NORTH AMERICA INC   
41_LARNWICK_3834,41,3834,Skyy Vodka,750mL,2,31.98,15.99,1/28/2016,750,1,1.57,11567,CAMPARI AMERICA            
39_EASTHALLOW_8746,39,8746,Cavit Pinot Grigio,750mL,3,20.97,6.99,1/23/2016,750,2,0.34,6785,PALM BAY INTERNATIONAL INC 
73_DONCASTER_3050,73,3050,Bowman Vodka,1.75L,6,53.94,8.99,1/15/2016,1750,1,11.02,8004,SAZERAC CO INC             
22_SHARNWICK_17876,22,17876,Darkhorse Cab Svgn,750mL,4,31.96,7.99,1/20/2016,750,2,0.45,3252,E & J GALLO WINERY         
23_ARBINGTON_32907,23,32907,Sterling Vintners Cltn Chard,750mL,6,59.94,9.99,1/17/2016,750,2,0.68,1590,DIAGEO CHATEAU ESTATE WINES
1_HARDERSFIELD_8135,1,8135,Choco Lat Liqueur,750mL,2,21.98,10.99,2/22/2016,750,1,1.57,9552,M S WALKER INC             
50_MOUNTMEND_32906,50,32906,Sterling Vintners Cab Svgn C,750mL,1,11.99,11.99,1/5/2016,750,2,0.11,1590,DIAGEO CHATEAU ESTATE WINES
16_LUNDY_6281,16,6281,Franzia Sunset Blush Tap,5L,1,14.99,14.99,1/11/2016,5000,2,0.75,9815,WINE GROUP INC             
10_HORNSEY_6937,10,6937,Cavit Pinot Grigio,1.5L,1,11.99,11.99,2/20/2016,1500,2,0.22,6785,PALM BAY INTERNATIONAL INC 
33_HORNSEY_4261,33,4261,Capt Morgan Spiced Rum,1.75L,11,241.89,21.99,1/2/2016,1750,1,20.21,3960,DIAGEO NORTH AMERICA INC   
30_CULCHETH_8200,30,8200,Chambord Liqueur de France,50mL,1,2.99,2.99,1/14/2016,50,1,0.05,1128,BROWN-FORMAN CORP          
48_NORFOLK_39708,48,39708,R Mondavi Pvt Sln Pnt Grigio,750mL,1,8.99,8.99,1/28/2016,750,2,0.11,1392,CONSTELLATION BRANDS INC   
48_NORFOLK_3858,48,3858,Grey Goose Vodka,750mL,1,23.99,23.99,1/7/2016,750,1,0.79,480,BACARDI USA INC            
68_SOLARIS_38370,68,38370,Oyster Bay Svgn Bl Marlboro,750mL,1,12.99,12.99,1/11/2016,750,2,0.11,4425,MARTIGNETTI COMPANIES
34_PITMERDEN_3352,34,3352,Ciroc Coconut Vodka,750mL,10,249.9,24.99,1/1/2016,750,1,7.87,3960,DIAGEO NORTH AMERICA INC   
72_HARDERSFIELD_16327,72,16327,Black Box Merlot,500mL,1,4.99,4.99,1/8/2016,500,2,0.08,1392,CONSTELLATION BRANDS INC   
6_GOULCREST_7341,6,7341,Smirnoff Watermelon,50mL,7,6.93,0.99,1/8/2016,50,1,0.37,3960,DIAGEO NORTH AMERICA INC   
13_TARMSWORTH_44511,13,44511,MacMurray Ranch C Cst Pnt Nr,750mL,2,30.98,15.49,2/15/2016,750,2,0.22,3252,E & J GALLO WINERY         
55_DRY GULCH_12586,55,12586,C Y Toro Frontera Malbec,1.5L,3,23.97,7.99,1/14/2016,1500,2,0.68,516,BANFI PRODUCTS CORP        
17_OLDHAM_14280,17,14280,Cupcake Shiraz,750mL,1,8.49,8.49,1/5/2016,750,2,0.11,9815,WINE GROUP INC             
10_HORNSEY_2589,10,2589,Jameson Irish Whiskey,1.75L,4,167.96,41.99,1/16/2016,1750,1,7.35,17035,PERNOD RICARD USA          
67_EANVERNESS_2468,67,2468,Crown Royal Nrth Harvest Rye,750mL,2,59.98,29.99,1/23/2016,750,1,1.57,3960,DIAGEO NORTH AMERICA INC   
48_NORFOLK_28888,48,28888,Livingston Clrs Wh Znfdl Cal,3L,1,11.99,11.99,1/8/2016,3000,2,0.45,3252,E & J GALLO WINERY         
68_SOLARIS_2585,68,2585,Jameson Irish Whiskey,750mL,2,45.98,22.99,1/2/2016,750,1,1.57,17035,PERNOD RICARD USA          
23_ARBINGTON_23523,23,23523,19 Crimes Cab Svgn,750mL,2,19.98,9.99,1/23/2016,750,2,0.22,9819,TREASURY WINE ESTATES      
65_LUTON_35916,65,35916,Stone Cellars Merlot,1.5L,6,47.94,7.99,1/21/2016,1500,2,1.35,9819,TREASURY WINE ESTATES      
35_HALIVAARA_5382,35,5382,Ice 101 Peppermint Schnapps,750mL,1,12.99,12.99,1/29/2016,750,1,0.79,8004,SAZERAC CO INC             
68_SOLARIS_46783,68,46783,Oops Voluptuous Beauty Valle,750mL,2,19.98,9.99,1/30/2016,750,2,0.22,9165,ULTRA BEVERAGE COMPANY LLP 
60_IRRAGIN_3278,60,3278,Gordons London Dry,750mL,1,7.99,7.99,1/22/2016,750,1,0.79,3960,DIAGEO NORTH AMERICA INC   
64_CESTERFIELD_37313,64,37313,Salmon Run NY Rsl,750mL,1,11.99,11.99,1/9/2016,750,2,0.11,10754,PERFECTA WINES             
15_WANBORNE_8159,15,8159,Jose Cuervo Especial,1.75L,3,77.97,25.99,2/26/2016,1750,1,5.51,7245,PROXIMO SPIRITS INC.       
30_CULCHETH_4296,30,4296,Ronrico Silver Rum,1.75L,1,12.99,12.99,1/4/2016,1750,1,1.84,12546,JIM BEAM BRANDS COMPANY    
69_MOUNTMEND_12224,69,12224,Banfi Centine Bianco Toscana,750mL,1,9.99,9.99,1/17/2016,750,2,0.11,516,BANFI PRODUCTS CORP        
78_EASTHAVEN_33149,78,33149,Alamos Ridge Malbec Mendoza,750mL,1,9.99,9.99,1/15/2016,750,2,0.11,3252,E & J GALLO WINERY         
60_IRRAGIN_2788,60,2788,Laphroaig 10 Yr Single Malt,750mL,1,44.99,44.99,1/25/2016,750,1,0.79,12546,JIM BEAM BRANDS COMPANY    
22_SHARNWICK_5587,22,5587,Jose Cuervo Golden Margarita,1.75L,1,17.99,17.99,1/6/2016,1750,1,1.84,7245,PROXIMO SPIRITS INC.       
56_BEGGAR'S HOLE_3356,56,3356,Svedka Vodka,375mL,2,11.98,5.99,1/18/2016,375,1,0.79,1392,CONSTELLATION BRANDS INC   
73_DONCASTER_23069,73,23069,Delamotte Bl de Bl Brut,375mL,1,24.99,24.99,1/5/2016,375,2,0.06,1587,VINEYARD BRANDS INC        
56_BEGGAR'S HOLE_32108,56,32108,Erath Pnt Nr Oregon,750mL,1,15.99,15.99,1/15/2016,750,2,0.11,8673,STE MICHELLE WINE ESTATES  
41_LARNWICK_8370,41,8370,Chi Chi's Margarita,1.75L,2,17.98,8.99,1/30/2016,1750,1,3.67,660,SAZERAC NORTH AMERICA INC. 
55_DRY GULCH_8203,55,8203,Grand Marnier,50mL,4,11.96,2.99,1/8/2016,50,1,0.21,8112,MOET HENNESSY USA INC      
55_DRY GULCH_2008,55,2008,Rebel Yell Small Batch Rye,750mL,1,20.99,20.99,1/21/2016,750,1,0.79,8352,LUXCO INC                  
9_BLACKPOOL_13963,9,13963,Yellow Tail Pnt Nr,1.5L,2,29.98,14.99,1/22/2016,1500,2,0.45,4425,MARTIGNETTI COMPANIES
66_EANVERNESS_39523,66,39523,Cloudy Bay Svgn Bl Marlboro,750mL,8,199.92,24.99,1/16/2016,750,2,0.9,8112,MOET HENNESSY USA INC      
71_CLARCTON_3694,71,3694,Stolichnaya Razberi,750mL,1,17.99,17.99,1/9/2016,750,1,0.79,8664,"STOLI GROUP,(USA) LLC      "
60_IRRAGIN_2035,60,2035,Glen Moray Classic Scotch,750mL,1,19.99,19.99,1/14/2016,750,1,0.79,7153,PINE STATE TRADING CO      
11_CARDEND_4705,11,4705,Blue Chair Bay Banana Rum,50mL,1,0.99,0.99,2/7/2016,50,1,0.05,6213,MHW LTD                    
34_PITMERDEN_19948,34,19948,Josh Cellars Pnt Nr,750mL,15,239.85,15.99,1/23/2016,750,2,1.69,4425,MARTIGNETTI COMPANIES
74_PAENTMARWY_7991,74,7991,Stock Italian X Dry Vermouth,1.5L,1,9.99,9.99,1/17/2016,1500,1,1.57,8352,LUXCO INC                  
73_DONCASTER_8451,73,8451,Cruzan Aged Dark Rum,1.75L,1,16.99,16.99,1/11/2016,1750,1,1.84,12546,JIM BEAM BRANDS COMPANY    
34_PITMERDEN_23827,34,23827,Fattoria di Basciano Chianti,750mL,1,16.99,16.99,1/8/2016,750,2,0.11,10754,PERFECTA WINES             
67_EANVERNESS_6987,67,6987,Rosemount Shiraz/Cab Svgn,750mL,1,9.99,9.99,1/17/2016,750,2,0.11,4425,MARTIGNETTI COMPANIES
76_DONCASTER_22344,76,22344,Rioja Bordon Rsva Tempranllo,750mL,2,29.98,14.99,1/25/2016,750,2,0.22,4425,MARTIGNETTI COMPANIES
55_DRY GULCH_6479,55,6479,Clos du Bois Chard,750mL,3,29.97,9.99,1/22/2016,750,2,0.34,1392,CONSTELLATION BRANDS INC   
72_HARDERSFIELD_3997,72,3997,Hornitos Plata Tequila,750mL,1,19.99,19.99,1/4/2016,750,1,0.79,12546,JIM BEAM BRANDS COMPANY    
27_MOUNTMEND_8472,27,8472,1800 Silver Tequila,750mL,3,80.97,26.99,1/30/2016,750,1,2.36,7245,PROXIMO SPIRITS INC.       
15_WANBORNE_8537,15,8537,Dom Chandon Brut Cuvee,750mL,1,15.99,15.99,2/26/2016,750,2,0.11,8112,MOET HENNESSY USA INC      
19_WINTERVALE_39335,19,39335,Phillips Seven Deadly Znfdl,750mL,1,14.99,14.99,2/4/2016,750,2,0.11,4425,MARTIGNETTI COMPANIES
69_MOUNTMEND_18347,69,18347,Banfi Pnt Grigio San Angelo,750mL,5,69.95,13.99,1/31/2016,750,2,0.56,516,BANFI PRODUCTS CORP        
15_WANBORNE_4522,15,4522,Lairds Apple Jack,750mL,1,14.49,14.49,1/6/2016,750,1,0.79,4848,LAIRD & CO                 
7_STANMORE_4670,7,4670,Bacardi Dragon Berry Rum,375mL,1,5.99,5.99,1/23/2016,375,1,0.39,480,BACARDI USA INC            
56_BEGGAR'S HOLE_12586,56,12586,C Y Toro Frontera Malbec,1.5L,1,7.99,7.99,1/28/2016,1500,2,0.22,516,BANFI PRODUCTS CORP        
44_PORTHCRAWL_5415,44,5415,Amaretto di Amore,1.75L,2,31.98,15.99,1/16/2016,1750,1,3.67,660,SAZERAC NORTH AMERICA INC. 
57_LANTEGLOS_3637,57,3637,Zhenka Vodka Plastic,750mL,1,5.29,5.29,1/18/2016,750,1,0.79,9552,M S WALKER INC             
22_SHARNWICK_38370,22,38370,Oyster Bay Svgn Bl Marlboro,750mL,1,12.99,12.99,1/30/2016,750,2,0.11,4425,MARTIGNETTI COMPANIES
31_HORNSEY_8033,31,8033,Jack Daniels No 7 Black,50mL,5,14.95,2.99,1/16/2016,50,1,0.26,1128,BROWN-FORMAN CORP          
1_HARDERSFIELD_32908,1,32908,Sterling Vintners Cltn Merlo,750mL,1,10.99,10.99,2/26/2016,750,2,0.11,1590,DIAGEO CHATEAU ESTATE WINES
47_PELLA'S WISH_5491,47,5491,Rumpleminze,50mL,8,15.92,1.99,1/4/2016,50,1,0.42,3960,DIAGEO NORTH AMERICA INC   
69_MOUNTMEND_4723,69,4723,Kinky Flame Whisky,50mL,1,0.99,0.99,1/10/2016,50,1,0.05,7153,PINE STATE TRADING CO      
63_SWORDBREAK_5096,63,5096,DeKuyper Peachtree Schnapps,750mL,2,19.98,9.99,1/23/2016,750,1,1.57,12546,JIM BEAM BRANDS COMPANY    
22_SHARNWICK_2153,22,2153,Black Velvet Cinnamon Rush,750mL,1,9.99,9.99,1/20/2016,750,1,0.79,1392,CONSTELLATION BRANDS INC   
67_EANVERNESS_5242,67,5242,Cointreau Liqueur,750mL,2,67.98,33.99,1/17/2016,750,1,1.57,7239,REMY COINTREAU USA INC     
50_MOUNTMEND_3505,50,3505,Tito's Handmade Vodka,750mL,4,87.96,21.99,1/9/2016,750,1,3.15,4425,MARTIGNETTI COMPANIES
15_WANBORNE_1845,15,1845,Cluny Scotch Whiskey,1.75L,1,14.99,14.99,1/1/2016,1750,1,1.84,3252,E & J GALLO WINERY         
55_DRY GULCH_26818,55,26818,Ravenswood Znfdl Napa,750mL,1,16.99,16.99,1/21/2016,750,2,0.11,1392,CONSTELLATION BRANDS INC   
47_PELLA'S WISH_32907,47,32907,Sterling Vintners Cltn Chard,750mL,4,39.96,9.99,1/30/2016,750,2,0.45,1590,DIAGEO CHATEAU ESTATE WINES
38_GOULCREST_4737,38,4737,St Remy VSOP Authentic Brndy,750mL,1,10.99,10.99,1/2/2016,750,1,0.79,7239,REMY COINTREAU USA INC     
75_BARNCOMBE_5765,75,5765,Jose Cuervo Lime Margarita,1.75L,3,41.97,13.99,1/22/2016,1750,1,5.51,7245,PROXIMO SPIRITS INC.       
63_SWORDBREAK_1366,63,1366,Red Stag by Jim Beam,50mL,1,1.29,1.29,1/10/2016,50,1,0.05,12546,JIM BEAM BRANDS COMPANY    
11_CARDEND_2679,11,2679,Dewars Highlander Honey,750mL,1,19.99,19.99,1/19/2016,750,1,0.79,480,BACARDI USA INC            
69_MOUNTMEND_17209,69,17209,The Divining Rod Cab Svgn,750mL,1,15.99,15.99,1/27/2016,750,2,0.11,2000,SOUTHERN WINE & SPIRITS NE 
13_TARMSWORTH_8110,13,8110,Tribuno Dry Vermouth,1.5L,1,8.99,8.99,2/10/2016,1500,1,1.57,9815,WINE GROUP INC             
72_HARDERSFIELD_1380,72,1380,Bulleit 95 Rye,1.75L,1,49.99,49.99,1/13/2016,1750,1,1.84,3960,DIAGEO NORTH AMERICA INC   
69_MOUNTMEND_3511,69,3511,New Amsterdam Vodka,750mL,1,9.99,9.99,1/14/2016,750,1,0.79,3252,E & J GALLO WINERY         
11_CARDEND_24088,11,24088,Hess Select Cab Svgn,750mL,2,33.98,16.99,2/9/2016,750,2,0.22,4425,MARTIGNETTI COMPANIES
10_HORNSEY_8064,10,8064,Canadian Club,50mL,6,5.94,0.99,1/14/2016,50,1,0.32,12546,JIM BEAM BRANDS COMPANY    
20_BREDWARDINE_4798,20,4798,Sambuca Romana Liqueur,50mL,1,1.99,1.99,1/24/2016,50,1,0.05,3960,DIAGEO NORTH AMERICA INC   
62_KILMARNOCK_3278,62,3278,Gordons London Dry,750mL,1,7.99,7.99,1/31/2016,750,1,0.79,3960,DIAGEO NORTH AMERICA INC   
76_DONCASTER_6574,76,6574,Franzia Tap Wh Znfdl Cal,5L,2,29.98,14.99,1/29/2016,5000,2,1.5,9815,WINE GROUP INC             
1_HARDERSFIELD_3584,1,3584,Absolut Raspberri,750mL,1,17.99,17.99,2/21/2016,750,1,0.79,17035,PERNOD RICARD USA          
67_EANVERNESS_23392,67,23392,Stonehedge Amador 12 Znfdl,750mL,6,59.94,9.99,1/14/2016,750,2,0.68,9165,ULTRA BEVERAGE COMPANY LLP 
42_BLACK HOLLOW_5142,42,5142,Carolans Irish Cream,1.75L,1,22.99,22.99,1/21/2016,1750,1,1.84,11567,CAMPARI AMERICA            
34_PITMERDEN_10175,34,10175,Big House Birdman Pnt Grigio,750mL,6,47.94,7.99,1/8/2016,750,2,0.68,9815,WINE GROUP INC             
11_CARDEND_6958,11,6958,Vendange Svgn Bl,1.5L,1,9.99,9.99,1/17/2016,1500,2,0.22,1392,CONSTELLATION BRANDS INC   
77_TAMWORTH_28579,77,28579,R M Woodbridge Merlot Cal,750mL,1,7.99,7.99,1/23/2016,750,2,0.11,1392,CONSTELLATION BRANDS INC   
49_GARIGILL_12216,49,12216,Da Vinci Pnt Grigio,750mL,1,10.49,10.49,1/17/2016,750,2,0.11,3252,E & J GALLO WINERY         
77_TAMWORTH_1226,77,1226,Lexington Bourbon,750mL,1,27.99,27.99,1/19/2016,750,1,0.79,9625,WESTERN SPIRITS BEVERAGE CO
79_BALLYMENA_3802,79,3802,Three Olives Vodka,1.75L,8,143.92,17.99,1/15/2016,1750,1,14.7,7245,PROXIMO SPIRITS INC.       
59_CLAETHORPES_17458,59,17458,Skinnygirl Rose Wine,750mL,1,8.99,8.99,1/19/2016,750,2,0.11,12546,JIM BEAM BRANDS COMPANY    
38_GOULCREST_46379,38,46379,Ghost Pine Cab Svgn LMartini,750mL,2,35.98,17.99,1/22/2016,750,2,0.22,3252,E & J GALLO WINERY         
12_LEESIDE_8480,12,8480,Clan MacGregor,1.75L,1,14.99,14.99,2/24/2016,1750,1,1.84,3664,WILLIAM GRANT & SONS INC   
50_MOUNTMEND_5771,50,5771,Art In The Age Snap,750mL,1,29.99,29.99,1/24/2016,750,1,0.79,3664,WILLIAM GRANT & SONS INC   
69_MOUNTMEND_18787,69,18787,Rio Madre Rioja Graciano,750mL,1,11.99,11.99,1/8/2016,750,2,0.11,9552,M S WALKER INC             
61_AETHELNEY_3137,61,3137,Three Olives Blueberry Vodka,50mL,1,0.99,0.99,1/23/2016,50,1,0.05,7245,PROXIMO SPIRITS INC.       
33_HORNSEY_45769,33,45769,Bonterra Svgn Bl Organic,750mL,2,23.98,11.99,1/20/2016,750,2,0.22,9165,ULTRA BEVERAGE COMPANY LLP 
59_CLAETHORPES_8822,59,8822,Absolut 80 Proof,50mL,2,3.98,1.99,1/21/2016,50,1,0.1,17035,PERNOD RICARD USA          
11_CARDEND_15105,11,15105,Kendall Jackson Avant Chard,750mL,1,13.99,13.99,2/12/2016,750,2,0.11,10000,MAJESTIC FINE WINES        
66_EANVERNESS_38546,66,38546,Mark West Pnt Nr Sonoma,750mL,7,69.93,9.99,1/23/2016,750,2,0.79,1392,CONSTELLATION BRANDS INC   
58_HARTLEPOOL_3012,58,3012,Pinnacle Vodka,50mL,1,0.99,0.99,1/5/2016,50,1,0.05,12546,JIM BEAM BRANDS COMPANY    
11_CARDEND_7990,11,7990,Noilly Prat Sweet Vermouth,Liter,1,9.99,9.99,1/12/2016,1000,1,1.05,480,BACARDI USA INC            
60_IRRAGIN_33683,60,33683,R Mondavi Privt Slct Chard,1.5L,10,179.9,17.99,1/29/2016,1500,2,2.25,1392,CONSTELLATION BRANDS INC   
8_ALNERWICK_810,8,810,Bacardi Black Razz,750mL,1,13.99,13.99,1/20/2016,750,1,0.79,480,BACARDI USA INC            
48_NORFOLK_3050,48,3050,Bowman Vodka,1.75L,5,44.95,8.99,1/5/2016,1750,1,9.19,8004,SAZERAC CO INC             
1_HARDERSFIELD_8111,1,8111,Smirnoff 80 Proof,50mL,18,17.82,0.99,2/10/2016,50,1,0.94,3960,DIAGEO NORTH AMERICA INC   
1_HARDERSFIELD_5334,1,5334,Kahlua Especial,750mL,1,22.99,22.99,1/2/2016,750,1,0.79,17035,PERNOD RICARD USA          
67_EANVERNESS_10422,67,10422,Mirassou Pnt Grigio Cal,750mL,2,19.98,9.99,1/1/2016,750,2,0.22,3252,E & J GALLO WINERY         
25_CAERSHIRE_7374,25,7374,New Amsterdam Mango Vodka,750mL,1,9.99,9.99,1/30/2016,750,1,0.79,3252,E & J GALLO WINERY         
56_BEGGAR'S HOLE_2105,56,2105,Black Velvet Toasted Caramel,750mL,1,9.99,9.99,1/20/2016,750,1,0.79,1392,CONSTELLATION BRANDS INC   
19_WINTERVALE_2690,19,2690,Black Velvet Reserve,750mL,1,9.99,9.99,1/16/2016,750,1,0.79,1392,CONSTELLATION BRANDS INC   
73_DONCASTER_3137,73,3137,Three Olives Blueberry Vodka,50mL,1,0.99,0.99,1/3/2016,50,1,0.05,7245,PROXIMO SPIRITS INC.       
34_PITMERDEN_8000,34,8000,The Glenlivet 12 Yr Single,1.75L,4,271.96,67.99,1/20/2016,1750,1,7.35,17035,PERNOD RICARD USA          
67_EANVERNESS_19164,67,19164,Tracia Malbec,750mL,2,11.98,5.99,1/23/2016,750,2,0.22,9165,ULTRA BEVERAGE COMPANY LLP 
4_EANVERNESS_3745,4,3745,Taaka Vodka Traveler,750mL,3,14.97,4.99,1/28/2016,750,1,2.36,8004,SAZERAC CO INC             
35_HALIVAARA_8361,35,8361,Carlo Rossi Chablis Calif,4L,1,14.99,14.99,1/2/2016,4000,2,0.6,3252,E & J GALLO WINERY         
38_GOULCREST_4265,38,4265,Capt Morgan Spiced Rum,375mL,2,21.98,10.99,1/26/2016,375,1,0.79,3960,DIAGEO NORTH AMERICA INC   
1_HARDERSFIELD_35075,1,35075,Clos LaChance Chard,750mL,1,13.99,13.99,2/29/2016,750,2,0.11,653,STATE WINE & SPIRITS   
31_HORNSEY_6570,31,6570,Kendall Jackson Chard Vt RSV,750mL,1,13.99,13.99,1/8/2016,750,2,0.11,10000,MAJESTIC FINE WINES        
14_BROMWICH_4291,14,4291,Ronrico Gold,1.75L,1,12.99,12.99,1/1/2016,1750,1,1.84,12546,JIM BEAM BRANDS COMPANY    
63_SWORDBREAK_5694,63,5694,Ice Box Mudslide,1.75L,1,11.99,11.99,1/10/2016,1750,1,1.84,8004,SAZERAC CO INC             
13_TARMSWORTH_19748,13,19748,Clos du Bois Chard,1.5L,1,14.99,14.99,1/28/2016,1500,2,0.22,1392,CONSTELLATION BRANDS INC   
25_CAERSHIRE_1233,25,1233,Jack Daniels No 7 Black,1.75L,2,71.98,35.99,1/17/2016,1750,1,3.67,1128,BROWN-FORMAN CORP          
43_WOLFORD_24088,43,24088,Hess Select Cab Svgn,750mL,1,17.99,17.99,1/9/2016,750,2,0.11,4425,MARTIGNETTI COMPANIES
22_SHARNWICK_5403,22,5403,Amaretto di Amore,750mL,2,19.98,9.99,1/1/2016,750,1,1.57,660,SAZERAC NORTH AMERICA INC. 
69_MOUNTMEND_12943,69,12943,Middle Sister Drama Queen Pi,750mL,1,9.99,9.99,1/30/2016,750,2,0.11,9165,ULTRA BEVERAGE COMPANY LLP 
42_BLACK HOLLOW_3583,42,3583,Smirnoff Orange Vodka,1.75L,1,22.99,22.99,1/21/2016,1750,1,1.84,3960,DIAGEO NORTH AMERICA INC   
32_MOUNTMEND_5457,32,5457,After Shock Hot & Cool Cinmn,50mL,3,5.97,1.99,1/29/2016,50,1,0.16,12546,JIM BEAM BRANDS COMPANY    
34_PITMERDEN_3652,34,3652,Ciroc Pineapple Vodka,1.75L,1,56.99,56.99,1/16/2016,1750,1,1.84,3960,DIAGEO NORTH AMERICA INC   
47_PELLA'S WISH_5060,47,5060,Dr McGillicuddy's Butterscth,750mL,1,13.99,13.99,1/21/2016,750,1,0.79,8004,SAZERAC CO INC             
14_BROMWICH_24829,14,24829,Cecchi Chianti Classico,750mL,2,21.98,10.99,1/19/2016,750,2,0.22,9165,ULTRA BEVERAGE COMPANY LLP 
10_HORNSEY_5246,10,5246,Bacardi Party Drinks Zombie,1.75L,1,15.99,15.99,2/18/2016,1750,1,1.84,480,BACARDI USA INC            
22_SHARNWICK_8678,22,8678,Banfi Chianti Clsc RSV,750mL,7,97.93,13.99,1/22/2016,750,2,0.79,516,BANFI PRODUCTS CORP        
66_EANVERNESS_3608,66,3608,Smirnoff Orange Vodka,50mL,5,4.95,0.99,1/23/2016,50,1,0.26,3960,DIAGEO NORTH AMERICA INC   
34_PITMERDEN_3851,34,3851,Grey Goose Vodka,375mL,3,47.97,15.99,1/24/2016,375,1,1.18,480,BACARDI USA INC            
58_HARTLEPOOL_7982,58,7982,M & R Sweet Vermouth,750mL,1,7.49,7.49,1/23/2016,750,1,0.79,480,BACARDI USA INC            
74_PAENTMARWY_46476,74,46476,Tilia Malbec Mendoza,750mL,1,9.99,9.99,1/18/2016,750,2,0.11,9552,M S WALKER INC             
72_HARDERSFIELD_27350,72,27350,Almaden Cab Svgn Cal B/B,5L,1,17.99,17.99,1/30/2016,5000,2,0.75,9815,WINE GROUP INC             
69_MOUNTMEND_2435,69,2435,Crown Royal RSV,750mL,2,81.98,40.99,1/8/2016,750,1,1.57,3960,DIAGEO NORTH AMERICA INC   
68_SOLARIS_8214,68,8214,E & J Brandy VS,750mL,3,29.97,9.99,1/9/2016,750,1,2.36,3252,E & J GALLO WINERY         
10_HORNSEY_4135,10,4135,Smirnoff Blueberry Vodka,50mL,15,14.85,0.99,1/16/2016,50,1,0.79,3960,DIAGEO NORTH AMERICA INC   
15_WANBORNE_36874,15,36874,Yellow Tail Merlot Ausl,750mL,3,23.97,7.99,2/9/2016,750,2,0.34,4425,MARTIGNETTI COMPANIES
55_DRY GULCH_17504,55,17504,Butternut Chard,750mL,1,14.99,14.99,1/23/2016,750,2,0.11,10754,PERFECTA WINES             
67_EANVERNESS_1595,67,1595,Gentleman Jack,375mL,1,15.99,15.99,1/20/2016,375,1,0.39,1128,BROWN-FORMAN CORP          
53_HILLFAR_3826,53,3826,Skyy Vodka,1.75L,2,49.98,24.99,1/12/2016,1750,1,3.67,11567,CAMPARI AMERICA            
34_PITMERDEN_46189,34,46189,Napa Cellars Chard,750mL,1,16.99,16.99,1/12/2016,750,2,0.11,8892,TRINCHERO FAMILY ESTATES   
73_DONCASTER_1358,73,1358,Knob Creek Bourbon,1.75L,1,61.99,61.99,1/10/2016,1750,1,1.84,12546,JIM BEAM BRANDS COMPANY    
9_BLACKPOOL_14623,9,14623,The Naked Grape Pnt Grigio,750mL,2,13.98,6.99,1/23/2016,750,2,0.22,3252,E & J GALLO WINERY         
38_GOULCREST_6293,38,6293,Fetzer Gewurz,750mL,2,19.98,9.99,1/26/2016,750,2,0.22,9165,ULTRA BEVERAGE COMPANY LLP 
30_CULCHETH_35375,30,35375,Hess Allomi Cab Svgn,750mL,1,29.99,29.99,1/25/2016,750,2,0.11,4425,MARTIGNETTI COMPANIES
46_TYWARDREATH_11488,46,11488,C K Mondavi Cab Svgn,1.5L,1,10.99,10.99,1/15/2016,1500,2,0.22,2000,SOUTHERN WINE & SPIRITS NE 
50_MOUNTMEND_28239,50,28239,Fetzer Eagle Peak Merlot,1.5L,1,12.99,12.99,1/29/2016,1500,2,0.22,9165,ULTRA BEVERAGE COMPANY LLP 
17_OLDHAM_6459,17,6459,Freixenet Cordon Negro Extr,750mL,4,43.96,10.99,1/14/2016,750,2,0.45,4425,MARTIGNETTI COMPANIES
10_HORNSEY_5491,10,5491,Rumpleminze,50mL,28,55.72,1.99,1/29/2016,50,1,1.47,3960,DIAGEO NORTH AMERICA INC   
31_HORNSEY_812,31,812,Jagermeister Liqueur,Liter,2,45.98,22.99,1/16/2016,1000,1,2.1,3089,SIDNEY FRANK IMPORTING CO  
1_HARDERSFIELD_3804,1,3804,Svedka Vodka,750mL,2,19.98,9.99,1/17/2016,750,1,1.57,1392,CONSTELLATION BRANDS INC   
10_HORNSEY_3781,10,3781,Three Olives Vanilla Vodka,750mL,2,25.98,12.99,1/9/2016,750,1,1.57,7245,PROXIMO SPIRITS INC.       
78_EASTHAVEN_28138,78,28138,Columbia Crest Grand Chard,750mL,1,9.99,9.99,1/28/2016,750,2,0.11,8673,STE MICHELLE WINE ESTATES  
58_HARTLEPOOL_46023,58,46023,Spellbound Petite Sirah Cal,750mL,1,13.99,13.99,1/23/2016,750,2,0.11,9165,ULTRA BEVERAGE COMPANY LLP 
41_LARNWICK_7878,41,7878,Allens Coffee Brandy,1.75L,3,47.97,15.99,1/22/2016,1750,1,5.51,9552,M S WALKER INC             
38_GOULCREST_45600,38,45600,Luigi Bosca La Linda Malbec,750mL,4,43.96,10.99,1/15/2016,750,2,0.45,9744,FREDERICK WILDMAN & SONS   
51_ABERDEEN_44148,51,44148,Polka Dot Rsl Pfalz,750mL,1,6.99,6.99,1/13/2016,750,2,0.11,3252,E & J GALLO WINERY         
20_BREDWARDINE_8670,20,8670,Arrow Coffee Brandy,1.75L,1,11.99,11.99,1/8/2016,1750,1,1.84,8352,LUXCO INC                  
12_LEESIDE_40097,12,40097,Black Box Chard,3L,1,18.99,18.99,2/4/2016,3000,2,0.45,1392,CONSTELLATION BRANDS INC   
51_ABERDEEN_8068,51,8068,Absolut 80 Proof,1.75L,6,155.94,25.99,1/30/2016,1750,1,11.02,17035,PERNOD RICARD USA          
48_NORFOLK_3987,48,3987,Smirnoff Peppermint Twist,750mL,1,10.99,10.99,1/10/2016,750,1,0.79,3960,DIAGEO NORTH AMERICA INC   
48_NORFOLK_18347,48,18347,Banfi Pnt Grigio San Angelo,750mL,6,83.94,13.99,1/26/2016,750,2,0.68,516,BANFI PRODUCTS CORP        
10_HORNSEY_35913,10,35913,Stone Cellars Cab Svgn,1.5L,8,63.92,7.99,1/29/2016,1500,2,1.8,9819,TREASURY WINE ESTATES      
75_BARNCOMBE_3997,75,3997,Hornitos Plata Tequila,750mL,1,19.99,19.99,1/16/2016,750,1,0.79,12546,JIM BEAM BRANDS COMPANY    
73_DONCASTER_4431,73,4431,Screech Rum,750mL,5,84.95,16.99,1/7/2016,750,1,3.94,9552,M S WALKER INC             
64_CESTERFIELD_6987,64,6987,Rosemount Shiraz/Cab Svgn,750mL,1,9.99,9.99,1/18/2016,750,2,0.11,4425,MARTIGNETTI COMPANIES
67_EANVERNESS_19121,67,19121,Liberty School Pnt Nr CC,750mL,1,11.99,11.99,1/3/2016,750,2,0.11,4425,MARTIGNETTI COMPANIES
79_BALLYMENA_42881,79,42881,La Bastarda Pnt Gr Sicily,750mL,1,6.99,6.99,1/10/2016,750,2,0.11,10754,PERFECTA WINES             
68_SOLARIS_5316,68,5316,Amaretto DiSaronno,50mL,1,2.29,2.29,1/23/2016,50,1,0.05,2555,DISARONNO INTERNATIONAL LLC
60_IRRAGIN_2131,60,2131,Jack Daniels No 7 Black Trav,375mL,1,12.99,12.99,1/22/2016,375,1,0.39,1128,BROWN-FORMAN CORP          
66_EANVERNESS_3636,66,3636,Dr McGillicuddy's Mentholmnt,375mL,5,32.45,6.49,1/30/2016,375,1,1.97,8004,SAZERAC CO INC             
40_BULLMAR_6650,40,6650,Simi Chard,750mL,1,10.99,10.99,1/24/2016,750,2,0.11,1392,CONSTELLATION BRANDS INC   
9_BLACKPOOL_3820,9,3820,Smirnoff Citrus Vodka,1.75L,1,17.99,17.99,1/3/2016,1750,1,1.84,3960,DIAGEO NORTH AMERICA INC   
65_LUTON_13940,65,13940,Black Box Malbec,3L,1,18.99,18.99,1/3/2016,3000,2,0.45,1392,CONSTELLATION BRANDS INC   
78_EASTHAVEN_6498,78,6498,Franzia Chablis Old World C,5L,2,29.98,14.99,1/11/2016,5000,2,1.5,9815,WINE GROUP INC             
34_PITMERDEN_8746,34,8746,Cavit Pinot Grigio,750mL,10,69.9,6.99,1/30/2016,750,2,1.12,6785,PALM BAY INTERNATIONAL INC 
67_EANVERNESS_14416,67,14416,J Lohr Falcons Perch Pnt Nr,750mL,3,47.97,15.99,1/9/2016,750,2,0.34,4425,MARTIGNETTI COMPANIES
14_BROMWICH_14006,14,14006,Apothic Winemakers Red Blend,750mL,1,9.99,9.99,1/20/2016,750,2,0.11,3252,E & J GALLO WINERY         
67_EANVERNESS_3397,67,3397,Ciroc Red Berry Vodka,750mL,1,28.99,28.99,1/4/2016,750,1,0.79,3960,DIAGEO NORTH AMERICA INC   
57_LANTEGLOS_6396,57,6396,Taylor Dry Sherry,1.5L,1,7.79,7.79,1/20/2016,1500,2,0.22,1392,CONSTELLATION BRANDS INC   
2_ASHBORNE_11825,2,11825,Cupcake Cab Svgn,750mL,2,16.98,8.49,1/16/2016,750,2,0.22,9815,WINE GROUP INC             
76_DONCASTER_4705,76,4705,Blue Chair Bay Banana Rum,50mL,3,2.97,0.99,1/4/2016,50,1,0.16,6213,MHW LTD                    
76_DONCASTER_3591,76,3591,Absolut Vanilia,750mL,1,17.99,17.99,1/7/2016,750,1,0.79,17035,PERNOD RICARD USA          
4_EANVERNESS_7978,4,7978,M & R X Dry Vermouth,750mL,1,7.49,7.49,1/2/2016,750,1,0.79,480,BACARDI USA INC            
66_EANVERNESS_14439,66,14439,Barefoot Sweet Red,750mL,1,6.29,6.29,1/17/2016,750,2,0.11,3252,E & J GALLO WINERY         
11_CARDEND_2432,11,2432,Crown Royal,750mL,2,45.98,22.99,2/15/2016,750,1,1.57,3960,DIAGEO NORTH AMERICA INC   
57_LANTEGLOS_4878,57,4878,Allens Coffee Brandy,750mL,1,6.99,6.99,1/2/2016,750,1,0.79,9552,M S WALKER INC             
32_MOUNTMEND_8485,32,8485,Gozio Amaretto,750mL,1,17.99,17.99,1/23/2016,750,1,0.79,1485,CASTLE BRANDS CORP.        
64_CESTERFIELD_6864,64,6864,St Francis Chard,750mL,1,11.99,11.99,1/9/2016,750,2,0.11,4692,KOBRAND CORPORATION        
39_EASTHALLOW_41034,39,41034,Menage a Trois Red,750mL,1,10.99,10.99,1/24/2016,750,2,0.11,8892,TRINCHERO FAMILY ESTATES   
19_WINTERVALE_5391,19,5391,Kamora Coffee,1.75L,1,15.99,15.99,1/12/2016,1750,1,1.84,12546,JIM BEAM BRANDS COMPANY    
6_GOULCREST_34439,6,34439,Toad Hollow Mendocino Chard,750mL,1,13.99,13.99,1/4/2016,750,2,0.11,9552,M S WALKER INC             
78_EASTHAVEN_8064,78,8064,Canadian Club,50mL,6,5.94,0.99,1/25/2016,50,1,0.32,12546,JIM BEAM BRANDS COMPANY    
15_WANBORNE_1385,15,1385,Makers Mark,750mL,2,55.98,27.99,2/27/2016,750,1,1.57,12546,JIM BEAM BRANDS COMPANY    
6_GOULCREST_33037,6,33037,Beringer Fndrs Est Cab Svgn,1.5L,1,21.99,21.99,1/29/2016,1500,2,0.22,9819,TREASURY WINE ESTATES      
67_EANVERNESS_4959,67,4959,Bacardi Tangerine,50mL,1,0.99,0.99,1/9/2016,50,1,0.05,480,BACARDI USA INC            
34_PITMERDEN_15729,34,15729,Copa di Vino Pnt Grigio,187mL,1,2.49,2.49,1/23/2016,187,2,0.03,2000,SOUTHERN WINE & SPIRITS NE 
14_BROMWICH_8472,14,8472,1800 Silver Tequila,750mL,2,43.98,21.99,1/1/2016,750,1,1.57,7245,PROXIMO SPIRITS INC.       
73_DONCASTER_4382,73,4382,Admiral Nelson Spiced Rum,1.75L,3,56.97,18.99,1/25/2016,1750,1,5.51,3924,HEAVEN HILL DISTILLERIES   
49_GARIGILL_31487,49,31487,Barefoot Bubbly Brut Cve,750mL,1,9.99,9.99,1/9/2016,750,2,0.11,3252,E & J GALLO WINERY         
62_KILMARNOCK_37604,62,37604,Hardys Chard Ausl,3L,1,13.99,13.99,1/30/2016,3000,2,0.45,2000,SOUTHERN WINE & SPIRITS NE 
1_HARDERSFIELD_8057,1,8057,Corazon de Agave Blanco,750mL,1,24.99,24.99,1/23/2016,750,1,0.79,8004,SAZERAC CO INC             
25_CAERSHIRE_1396,25,1396,Old Crow,1.75L,2,31.98,15.99,1/16/2016,1750,1,3.67,12546,JIM BEAM BRANDS COMPANY    
12_LEESIDE_8111,12,8111,Smirnoff 80 Proof,50mL,7,6.93,0.99,1/20/2016,50,1,0.37,3960,DIAGEO NORTH AMERICA INC   
3_HORNSEY_3787,3,3787,Jose Cuervo Especial Silver,750mL,1,16.99,16.99,1/31/2016,750,1,0.79,7245,PROXIMO SPIRITS INC.       
49_GARIGILL_21308,49,21308,Chloe Pnt Grigio,750mL,1,10.99,10.99,1/12/2016,750,2,0.11,9815,WINE GROUP INC             
67_EANVERNESS_18027,67,18027,Banfi Rosa Regale,750mL,1,14.99,14.99,1/21/2016,750,2,0.11,516,BANFI PRODUCTS CORP        
54_GUTHRAM_6420,54,6420,R M Woodbridge Chard Cal,750mL,1,7.99,7.99,1/8/2016,750,2,0.11,1392,CONSTELLATION BRANDS INC   
10_HORNSEY_13268,10,13268,Backhouse Chard,750mL,1,6.99,6.99,1/9/2016,750,2,0.11,7153,PINE STATE TRADING CO      
11_CARDEND_18664,11,18664,Corvo Moscato Siciliarvo,750mL,3,29.97,9.99,2/19/2016,750,2,0.34,10754,PERFECTA WINES             
60_IRRAGIN_2164,60,2164,New Amsterdam Gin,1.75L,1,16.99,16.99,1/3/2016,1750,1,1.84,3252,E & J GALLO WINERY         
39_EASTHALLOW_4404,39,4404,Bacardi Gold Rum,375mL,1,5.49,5.49,1/3/2016,375,1,0.39,480,BACARDI USA INC            
24_PALPERROTH_3310,24,3310,Pinnacle Vodka,375mL,1,5.99,5.99,1/6/2016,375,1,0.39,12546,JIM BEAM BRANDS COMPANY    
10_HORNSEY_14551,10,14551,Cava Mistinguett Brut,750mL,1,7.99,7.99,2/9/2016,750,2,0.11,10754,PERFECTA WINES             
68_SOLARIS_4269,68,4269,Calico Jack Spiced Rum,1.75L,2,25.98,12.99,1/10/2016,1750,1,3.67,12546,JIM BEAM BRANDS COMPANY    
1_HARDERSFIELD_36378,1,36378,MezzaCorona Pnt Grigio,1.5L,3,32.97,10.99,1/31/2016,1500,2,0.68,9165,ULTRA BEVERAGE COMPANY LLP 
77_TAMWORTH_36378,77,36378,MezzaCorona Pnt Grigio,1.5L,1,10.99,10.99,1/22/2016,1500,2,0.22,9165,ULTRA BEVERAGE COMPANY LLP 
23_ARBINGTON_3917,23,3917,Smirnoff Peppermint Twist,50mL,2,1.98,0.99,1/27/2016,50,1,0.1,3960,DIAGEO NORTH AMERICA INC   
49_GARIGILL_6193,49,6193,Midnight Moon Moonshine,750mL,1,19.99,19.99,1/6/2016,750,1,0.79,9165,ULTRA BEVERAGE COMPANY LLP 
18_FURNESS_17175,18,17175,Beringer Classic Cab Svgn,1.5L,1,9.99,9.99,2/2/2016,1500,2,0.22,9819,TREASURY WINE ESTATES      
18_FURNESS_8922,18,8922,Taylor Lake Country Red,3L,1,7.99,7.99,2/12/2016,3000,2,0.45,1392,CONSTELLATION BRANDS INC   
58_HARTLEPOOL_31163,58,31163,Bonterra Viognier Orgnic,750mL,1,13.99,13.99,1/24/2016,750,2,0.11,9165,ULTRA BEVERAGE COMPANY LLP 
22_SHARNWICK_2704,22,2704,Serpent's Bite Cider Whiskey,50mL,6,5.94,0.99,1/21/2016,50,1,0.32,1392,CONSTELLATION BRANDS INC   
7_STANMORE_16592,7,16592,B & G Sauternes,750mL,1,17.99,17.99,1/15/2016,750,2,0.11,8735,SURVILLE ENTERPRISES CORP  
9_BLACKPOOL_3921,9,3921,Espolon Reposado Tequila,750mL,1,26.99,26.99,1/24/2016,750,1,0.79,11567,CAMPARI AMERICA            
38_GOULCREST_7261,38,7261,Gallo X Dry Vermouth,750mL,3,16.47,5.49,1/8/2016,750,2,0.34,3252,E & J GALLO WINERY         
74_PAENTMARWY_2767,74,2767,Johnnie Walker Blue Label,750mL,1,219.99,219.99,1/21/2016,750,1,0.79,3960,DIAGEO NORTH AMERICA INC   
14_BROMWICH_3787,14,3787,Jose Cuervo Especial Silver,750mL,3,50.97,16.99,1/9/2016,750,1,2.36,7245,PROXIMO SPIRITS INC.       
71_CLARCTON_35918,71,35918,Stone Cellars Pnt Grigio,1.5L,1,9.99,9.99,1/25/2016,1500,2,0.22,9819,TREASURY WINE ESTATES      
32_MOUNTMEND_4317,32,4317,Pyrat XO Reserve Rum,750mL,1,32.99,32.99,1/2/2016,750,1,0.79,9165,ULTRA BEVERAGE COMPANY LLP 
73_DONCASTER_16806,73,16806,Apothic Winemakers White,750mL,2,19.98,9.99,1/20/2016,750,2,0.22,3252,E & J GALLO WINERY         
78_EASTHAVEN_11828,78,11828,Cupcake Svgn Bl,750mL,4,33.96,8.49,1/20/2016,750,2,0.45,9815,WINE GROUP INC             
46_TYWARDREATH_38946,46,38946,Bully Hill Sweet Walter Rd,750mL,1,8.99,8.99,1/14/2016,750,2,0.11,2000,SOUTHERN WINE & SPIRITS NE 
69_MOUNTMEND_3783,69,3783,Ciroc Apple Vodka,50mL,10,19.9,1.99,1/30/2016,50,1,0.52,3960,DIAGEO NORTH AMERICA INC   
15_WANBORNE_4211,15,4211,Cruzan Passion Fruit Rum,750mL,1,10.99,10.99,2/26/2016,750,1,0.79,12546,JIM BEAM BRANDS COMPANY    
25_CAERSHIRE_21267,25,21267,Latour 13 Cuvee Bourgog Blnc,750mL,1,15.99,15.99,1/31/2016,750,2,0.11,9552,M S WALKER INC             
32_MOUNTMEND_6448,32,6448,Dubonnet Rouge,750mL,1,10.49,10.49,1/19/2016,750,2,0.11,3924,HEAVEN HILL DISTILLERIES   
35_HALIVAARA_7851,35,7851,Piehole Pecan Pie,50mL,1,0.99,0.99,1/8/2016,50,1,0.05,3960,DIAGEO NORTH AMERICA INC   
30_CULCHETH_3348,30,3348,Bombay Sapphire Gin,1.75L,2,73.98,36.99,1/24/2016,1750,1,3.67,480,BACARDI USA INC            
55_DRY GULCH_12078,55,12078,F Coppola Votre Sante Pnt Nr,750mL,1,11.99,11.99,1/9/2016,750,2,0.11,2000,SOUTHERN WINE & SPIRITS NE 
64_CESTERFIELD_20446,64,20446,Barefoot Bubbly Brut Cuvee,187mL 4 Pk,3,29.97,9.99,1/6/2016,187,2,0.08,3252,E & J GALLO WINERY         
66_EANVERNESS_2534,66,2534,The Dalmore 12Yr Single Malt,750mL,3,164.97,54.99,1/25/2016,750,1,2.36,3252,E & J GALLO WINERY         
34_PITMERDEN_35885,34,35885,Due Torri Pinot Grigio Dell,750mL,5,49.95,9.99,1/1/2016,750,2,0.56,9165,ULTRA BEVERAGE COMPANY LLP 
12_LEESIDE_18950,12,18950,Schug Pnt Nr Carneros,750mL,2,35.98,17.99,1/24/2016,750,2,0.22,4425,MARTIGNETTI COMPANIES
77_TAMWORTH_6595,77,6595,Bogle Merlot,750mL,2,23.98,11.99,1/31/2016,750,2,0.22,4425,MARTIGNETTI COMPANIES
64_CESTERFIELD_3243,64,3243,Burnetts Vodka,1.75L,1,12.49,12.49,1/6/2016,1750,1,1.84,3924,HEAVEN HILL DISTILLERIES   
44_PORTHCRAWL_3630,44,3630,Stolichnaya Razberi,1.75L,1,26.99,26.99,1/26/2016,1750,1,1.84,8664,"STOLI GROUP,(USA) LLC      "
69_MOUNTMEND_8823,69,8823,Leroux Apricot Brandy,750mL,1,7.99,7.99,1/9/2016,750,1,0.79,12546,JIM BEAM BRANDS COMPANY    
31_HORNSEY_3529,31,3529,U V Vodka,1.75L,1,13.99,13.99,1/17/2016,1750,1,1.84,9206,PHILLIPS PRODUCTS CO.      
1_HARDERSFIELD_4787,1,4787,Appleton Special Gold Rum,1.75L,1,22.99,22.99,1/28/2016,1750,1,1.84,11567,CAMPARI AMERICA            
10_HORNSEY_12213,10,12213,Evodia Garnacha Old Vine,750mL,3,23.97,7.99,2/19/2016,750,2,0.34,9552,M S WALKER INC             
34_PITMERDEN_20968,34,20968,Ninety+Cellars Lot 113 B Red,750mL,1,8.99,8.99,1/27/2016,750,2,0.11,4950,LATITUDE BEVERAGE COMPANY  
76_DONCASTER_23650,76,23650,Tom Gore Chardonnay CA,750mL,1,14.99,14.99,1/13/2016,750,2,0.11,1392,CONSTELLATION BRANDS INC   
67_EANVERNESS_3892,67,3892,Zhenka Vodka 80 Proof,750mL,1,3.99,3.99,1/8/2016,750,1,0.79,9552,M S WALKER INC             
15_WANBORNE_32137,15,32137,F Coppola Diamond Znfd,750mL,1,14.99,14.99,1/22/2016,750,2,0.11,2000,SOUTHERN WINE & SPIRITS NE 
54_GUTHRAM_8021,54,8021,Glenfiddich Special Rsv 12,750mL,1,47.99,47.99,1/21/2016,750,1,0.79,3664,WILLIAM GRANT & SONS INC   
4_EANVERNESS_4135,4,4135,Smirnoff Blueberry Vodka,50mL,6,5.94,0.99,1/21/2016,50,1,0.32,3960,DIAGEO NORTH AMERICA INC   
33_HORNSEY_5259,33,5259,Blue Chair Bay Coconut Rum,750mL,1,16.99,16.99,1/28/2016,750,1,0.79,6213,MHW LTD                    
71_CLARCTON_2131,71,2131,Jack Daniels No 7 Black Trav,375mL,3,38.97,12.99,1/26/2016,375,1,1.18,1128,BROWN-FORMAN CORP          
66_EANVERNESS_24379,66,24379,Madison's Ranch Cab Svgn,750mL,20,259.8,12.99,1/29/2016,750,2,2.25,9165,ULTRA BEVERAGE COMPANY LLP 
7_STANMORE_2149,7,2149,Canadian Ltd Traveler,750mL,1,6.99,6.99,1/17/2016,750,1,0.79,660,SAZERAC NORTH AMERICA INC. 
41_LARNWICK_31487,41,31487,Barefoot Bubbly Brut Cve,750mL,1,9.99,9.99,1/15/2016,750,2,0.11,3252,E & J GALLO WINERY         
50_MOUNTMEND_14805,50,14805,Ninety+Cellars Lot 23 Malbec,750mL,1,8.99,8.99,1/8/2016,750,2,0.11,4950,LATITUDE BEVERAGE COMPANY  
39_EASTHALLOW_8112,39,8112,Stolichnaya,1.75L,1,26.99,26.99,1/6/2016,1750,1,1.84,8664,"STOLI GROUP,(USA) LLC      "
64_CESTERFIELD_2757,64,2757,Johnnie Walker Red Label,1.75L,3,89.97,29.99,1/25/2016,1750,1,5.51,3960,DIAGEO NORTH AMERICA INC   
1_HARDERSFIELD_3804,1,3804,Svedka Vodka,750mL,3,29.97,9.99,2/27/2016,750,1,2.36,1392,CONSTELLATION BRANDS INC   
33_HORNSEY_5491,33,5491,Rumpleminze,50mL,9,17.91,1.99,1/24/2016,50,1,0.47,3960,DIAGEO NORTH AMERICA INC   
53_HILLFAR_34393,53,34393,Valckenberg Gewurz Pfalz,750mL,1,13.99,13.99,1/23/2016,750,2,0.11,10754,PERFECTA WINES             
25_CAERSHIRE_3858,25,3858,Grey Goose Vodka,750mL,3,71.97,23.99,1/21/2016,750,1,2.36,480,BACARDI USA INC            
27_MOUNTMEND_35914,27,35914,Stone Cellars Chard,1.5L,6,47.94,7.99,1/22/2016,1500,2,1.35,9819,TREASURY WINE ESTATES      
48_NORFOLK_3702,48,3702,Kinky Vodka,50mL,5,4.95,0.99,1/26/2016,50,1,0.26,7153,PINE STATE TRADING CO      
10_HORNSEY_9129,10,9129,Peychaud's Bitters,5.0 Oz,1,4.99,4.99,1/30/2016,150,1,0.16,8004,SAZERAC CO INC             
42_BLACK HOLLOW_5815,42,5815,Godiva Dark Chocolate,750mL,1,23.99,23.99,1/18/2016,750,1,0.79,3960,DIAGEO NORTH AMERICA INC   
33_HORNSEY_2589,33,2589,Jameson Irish Whiskey,1.75L,2,83.98,41.99,1/13/2016,1750,1,3.67,17035,PERNOD RICARD USA          
67_EANVERNESS_4243,67,4243,Bacardi Superior Rum,1.75L,6,143.94,23.99,1/21/2016,1750,1,11.02,480,BACARDI USA INC            
25_CAERSHIRE_463,25,463,Kirk & Sweeney 12Yr Old Rum,750mL,1,33.99,33.99,1/30/2016,750,1,0.79,653,STATE WINE & SPIRITS   
38_GOULCREST_15355,38,15355,Decoy Duckhorn Chard Sonoma,750mL,2,39.98,19.99,1/9/2016,750,2,0.22,4425,MARTIGNETTI COMPANIES
18_FURNESS_8819,18,8819,Leroux Blackberry Brandy,750mL,1,7.99,7.99,2/25/2016,750,1,0.79,12546,JIM BEAM BRANDS COMPANY    
74_PAENTMARWY_42122,74,42122,Smoking Loon Svgn Bl Cal,750mL,1,9.99,9.99,1/26/2016,750,2,0.11,9552,M S WALKER INC             
68_SOLARIS_5312,68,5312,Amaretto DiSaronno,750mL,3,59.97,19.99,1/2/2016,750,1,2.36,2555,DISARONNO INTERNATIONAL LLC
27_MOUNTMEND_3637,27,3637,Zhenka Vodka Plastic,750mL,8,42.32,5.29,1/8/2016,750,1,6.3,9552,M S WALKER INC             
14_BROMWICH_39384,14,39384,F Coppola Diamond Pnt Nr,750mL,2,33.98,16.99,1/13/2016,750,2,0.22,2000,SOUTHERN WINE & SPIRITS NE 
54_GUTHRAM_26948,54,26948,Ferrari-Carano Chard,750mL,3,59.97,19.99,1/1/2016,750,2,0.34,2000,SOUTHERN WINE & SPIRITS NE 
60_IRRAGIN_3896,60,3896,Zhenka Vodka,375mL,2,6.58,3.29,1/7/2016,375,1,0.79,9552,M S WALKER INC             
79_BALLYMENA_4480,79,4480,Appleton Special Gold Rum,750mL,1,14.99,14.99,1/23/2016,750,1,0.79,11567,CAMPARI AMERICA            
16_LUNDY_5361,16,5361,Grind Espresso Shot,50mL,2,1.98,0.99,1/16/2016,50,1,0.1,3960,DIAGEO NORTH AMERICA INC   
65_LUTON_18988,65,18988,Franzia Chillable Red Tap,5L,1,12.99,12.99,1/3/2016,5000,2,0.75,9815,WINE GROUP INC             
34_PITMERDEN_14622,34,14622,La Marca Prosecco,750mL,2,25.98,12.99,1/1/2016,750,2,0.22,3252,E & J GALLO WINERY         
44_PORTHCRAWL_8910,44,8910,Finlandia Vodka,50mL,5,4.95,0.99,1/25/2016,50,1,0.26,1128,BROWN-FORMAN CORP          
39_EASTHALLOW_34134,39,34134,Turning Leaf RSV Chard Cal,1.5L,1,8.99,8.99,1/18/2016,1500,2,0.22,3252,E & J GALLO WINERY         
16_LUNDY_6855,16,6855,Midnight Moon Apple Pie,750mL,1,19.99,19.99,2/9/2016,750,1,0.79,9165,ULTRA BEVERAGE COMPANY LLP 
34_PITMERDEN_3997,34,3997,Hornitos Plata Tequila,750mL,1,19.99,19.99,1/20/2016,750,1,0.79,12546,JIM BEAM BRANDS COMPANY    
74_PAENTMARWY_45822,74,45822,Masciarelli Montepulciano,750mL,1,9.99,9.99,1/29/2016,750,2,0.11,10754,PERFECTA WINES             
8_ALNERWICK_8189,8,8189,Camarena Silver Tequila,1.75L,1,31.99,31.99,1/17/2016,1750,1,1.84,3252,E & J GALLO WINERY         
79_BALLYMENA_2752,79,2752,Johnnie Walker Black Label,750mL,2,69.98,34.99,1/19/2016,750,1,1.57,3960,DIAGEO NORTH AMERICA INC   
31_HORNSEY_4678,31,4678,Courvoisier VS Cognac,750mL,1,22.99,22.99,1/24/2016,750,1,0.79,12546,JIM BEAM BRANDS COMPANY    
56_BEGGAR'S HOLE_5714,56,5714,Jose Cuervo Lime Margarita,200mL 4 Pk,1,9.99,9.99,1/16/2016,200,1,0.21,7245,PROXIMO SPIRITS INC.       
69_MOUNTMEND_3747,69,3747,Gordons Vodka Traveler,750mL,3,20.97,6.99,1/25/2016,750,1,2.36,3960,DIAGEO NORTH AMERICA INC   
68_SOLARIS_19120,68,19120,Bodegas Borsao Berola,750mL,5,64.95,12.99,1/29/2016,750,2,0.56,9552,M S WALKER INC             
49_GARIGILL_3389,49,3389,Seagrams Extra Dry Gin,1.75L,2,33.98,16.99,1/18/2016,1750,1,3.67,17035,PERNOD RICARD USA          
52_GRAYCOTT_8840,52,8840,Burnetts Gin,1.75L,1,13.99,13.99,1/30/2016,1750,1,1.84,3924,HEAVEN HILL DISTILLERIES   
73_DONCASTER_19169,73,19169,Anterra Chardonnay,750mL,1,7.99,7.99,1/30/2016,750,2,0.11,9165,ULTRA BEVERAGE COMPANY LLP 
59_CLAETHORPES_3325,59,3325,Pinnacle Caramel Apple Vodka,750mL,1,9.99,9.99,1/20/2016,750,1,0.79,12546,JIM BEAM BRANDS COMPANY    
77_TAMWORTH_5142,77,5142,Carolans Irish Cream,1.75L,1,22.99,22.99,1/17/2016,1750,1,1.84,11567,CAMPARI AMERICA            
14_BROMWICH_8370,14,8370,Chi Chi's Margarita,1.75L,1,10.99,10.99,2/27/2016,1750,1,1.84,660,SAZERAC NORTH AMERICA INC. 
13_TARMSWORTH_2917,13,2917,Paddy's Irish Whiskey,750mL,1,19.99,19.99,2/13/2016,750,1,0.79,17035,PERNOD RICARD USA          
23_ARBINGTON_22143,23,22143,Simi Cab Svgn,750mL,3,47.97,15.99,1/30/2016,750,2,0.34,1392,CONSTELLATION BRANDS INC   
77_TAMWORTH_892,77,892,Uncle Val's Botanical Gin,750mL,1,34.99,34.99,1/9/2016,750,1,0.79,653,STATE WINE & SPIRITS   
66_EANVERNESS_3837,66,3837,Skyy Vodka,50mL,7,6.93,0.99,1/21/2016,50,1,0.37,11567,CAMPARI AMERICA            
10_HORNSEY_1355,10,1355,Knob Creek Bourbon,50mL,1,3.49,3.49,2/21/2016,50,1,0.05,12546,JIM BEAM BRANDS COMPANY    
11_CARDEND_24631,11,24631,Acumen Moutainside Red Napa,750mL,1,24.99,24.99,1/14/2016,750,2,0.11,4425,MARTIGNETTI COMPANIES
66_EANVERNESS_21231,66,21231,La Marca Prosecco,187mL,1,4.49,4.49,1/2/2016,187,2,0.03,3252,E & J GALLO WINERY         
15_WANBORNE_1962,15,1962,Jim Beam Apple,750mL,1,14.49,14.49,2/21/2016,750,1,0.79,12546,JIM BEAM BRANDS COMPANY    
14_BROMWICH_3687,14,3687,Fleischmanns Royal Traveler,750mL,1,4.99,4.99,2/2/2016,750,1,0.79,660,SAZERAC NORTH AMERICA INC. 
34_PITMERDEN_20447,34,20447,Barefoot Bubbly Pink Moscato,187mL 4 Pk,1,9.99,9.99,1/18/2016,187,2,0.03,3252,E & J GALLO WINERY         
30_CULCHETH_38133,30,38133,Il Bastardo Sangiovese Tosc,750mL,1,6.99,6.99,1/7/2016,750,2,0.11,10754,PERFECTA WINES             
34_PITMERDEN_16918,34,16918,Villa Pozzi Moscato,750mL,1,8.99,8.99,1/1/2016,750,2,0.11,4425,MARTIGNETTI COMPANIES
76_DONCASTER_14706,76,14706,Cupcake Prosecco,750mL,27,188.73,6.99,1/1/2016,750,2,3.04,9815,WINE GROUP INC             
11_CARDEND_5075,11,5075,Tuaca Italian Liqueur,750mL,1,19.99,19.99,1/13/2016,750,1,0.79,1128,BROWN-FORMAN CORP          
14_BROMWICH_3244,14,3244,Burnetts Vodka,750mL,1,5.79,5.79,1/26/2016,750,1,0.79,3924,HEAVEN HILL DISTILLERIES   
11_CARDEND_2466,11,2466,Crown Royal Maple Whisky,1.75L,1,46.99,46.99,1/17/2016,1750,1,1.84,3960,DIAGEO NORTH AMERICA INC   
76_DONCASTER_46201,76,46201,Petite Petit Phillips Lodi,750mL,1,16.99,16.99,1/8/2016,750,2,0.11,4425,MARTIGNETTI COMPANIES
32_MOUNTMEND_3680,32,3680,Stolichnaya Ohranj,1.75L,2,53.98,26.99,1/17/2016,1750,1,3.67,8664,"STOLI GROUP,(USA) LLC      "
59_CLAETHORPES_46458,59,46458,Layer Cake Barosa Shiraz,750mL,1,15.99,15.99,1/15/2016,750,2,0.11,4425,MARTIGNETTI COMPANIES
38_GOULCREST_14690,38,14690,Bridlewood Pnt Nr Monterey C,750mL,5,49.95,9.99,1/14/2016,750,2,0.56,3252,E & J GALLO WINERY         
30_CULCHETH_29118,30,29118,Santa Rita RSV Merlot,750mL,1,9.99,9.99,1/22/2016,750,2,0.11,6785,PALM BAY INTERNATIONAL INC 
66_EANVERNESS_25264,66,25264,Pommery Falltime Extra Dry C,750mL,5,149.95,29.99,1/20/2016,750,2,0.56,1601,VRANKEN AMERICA            
1_HARDERSFIELD_5661,1,5661,Dr McGillicuddy's Root Beer,750mL,1,13.99,13.99,1/14/2016,750,1,0.79,8004,SAZERAC CO INC             
79_BALLYMENA_24325,79,24325,La Crema Chard Sonoma Cst,750mL,1,15.99,15.99,1/2/2016,750,2,0.11,10000,MAJESTIC FINE WINES        
11_CARDEND_6682,11,6682,R M Woodbridge Chard Cal,1.5L,1,11.99,11.99,2/21/2016,1500,2,0.22,1392,CONSTELLATION BRANDS INC   
78_EASTHAVEN_37401,78,37401,Excelsior S Afr Cab Svgn,750mL,1,8.99,8.99,1/22/2016,750,2,0.11,9552,M S WALKER INC             
76_DONCASTER_3987,76,3987,Smirnoff Peppermint Twist,750mL,12,131.88,10.99,1/21/2016,750,1,9.45,3960,DIAGEO NORTH AMERICA INC   
10_HORNSEY_5111,10,5111,Dr McGillicuddy's Mentholmnt,50mL,18,17.82,0.99,2/15/2016,50,1,0.94,8004,SAZERAC CO INC             
43_WOLFORD_1892,43,1892,Yukon Jack,50mL,12,11.88,0.99,1/18/2016,50,1,0.63,3960,DIAGEO NORTH AMERICA INC   
34_PITMERDEN_20216,34,20216,Conti Zecca Negroamaro 10,750mL,1,9.99,9.99,1/2/2016,750,2,0.11,9165,ULTRA BEVERAGE COMPANY LLP 
67_EANVERNESS_7931,67,7931,Tooters Blu-D Kamikazi 15 Pk,375mL,1,9.99,9.99,1/23/2016,375,1,0.39,5270,MANGO BOTTLING INC         
49_GARIGILL_22822,49,22822,Corvo Pnt Nr,750mL,1,13.99,13.99,1/29/2016,750,2,0.11,10754,PERFECTA WINES             
1_HARDERSFIELD_1366,1,1366,Red Stag by Jim Beam,50mL,5,6.45,1.29,2/26/2016,50,1,0.26,12546,JIM BEAM BRANDS COMPANY    
33_HORNSEY_8475,33,8475,J Roget Extra Dry,187mL,25,44.75,1.79,1/9/2016,187,2,0.7,1392,CONSTELLATION BRANDS INC   
34_PITMERDEN_44337,34,44337,Irony Cab Svgn,750mL,1,12.99,12.99,1/23/2016,750,2,0.11,2242,DELICATO VINEYARDS INC     
9_BLACKPOOL_3798,9,3798,Ciroc Apple Vodka,750mL,1,28.99,28.99,1/20/2016,750,1,0.79,3960,DIAGEO NORTH AMERICA INC   
38_GOULCREST_4945,38,4945,Jacquin Ginger Brandy,750mL,2,18.98,9.49,1/15/2016,750,1,1.57,4380,CHARLES JACQUIN ET CIE INC 
27_MOUNTMEND_32479,27,32479,Danzante Del Vnzi Pnt Grigio,750mL,1,10.99,10.99,1/13/2016,750,2,0.11,9165,ULTRA BEVERAGE COMPANY LLP 
36_LEWES_4246,36,4246,Bacardi Superior Rum,375mL,1,7.99,7.99,1/23/2016,375,1,0.39,480,BACARDI USA INC            
2_ASHBORNE_4899,2,4899,Clement Mahina Coco Liqueur,750mL,1,24.99,24.99,1/6/2016,750,1,0.79,9165,ULTRA BEVERAGE COMPANY LLP 
76_DONCASTER_4105,76,4105,Patron XO Cafe Variety 3 Pak,50mL 3 Pk,1,6.99,6.99,1/2/2016,50,1,0.05,9165,ULTRA BEVERAGE COMPANY LLP 
37_PAETHSMOUTH_8111,37,8111,Smirnoff 80 Proof,50mL,3,2.97,0.99,1/11/2016,50,1,0.16,3960,DIAGEO NORTH AMERICA INC   
33_HORNSEY_37541,33,37541,Frogs Leap Cab Svgn Napa,750mL,1,52.99,52.99,1/21/2016,750,2,0.11,4425,MARTIGNETTI COMPANIES
15_WANBORNE_3568,15,3568,Pearl Cucumber Vodka,50mL,1,0.99,0.99,1/31/2016,50,1,0.05,8352,LUXCO INC                  
72_HARDERSFIELD_7413,72,7413,Manischewitz Blackberry Kshr,1.5L,1,7.99,7.99,1/1/2016,1500,2,0.22,1392,CONSTELLATION BRANDS INC   
2_ASHBORNE_6499,2,6499,Kinky Liqueur,750mL,1,16.99,16.99,1/1/2016,750,1,0.79,7153,PINE STATE TRADING CO      
6_GOULCREST_14539,6,14539,Dom de Dionysos La Deveze,750mL,1,14.99,14.99,1/16/2016,750,2,0.11,4425,MARTIGNETTI COMPANIES
7_STANMORE_6256,7,6256,Sutter Home Chard,1.5L,1,7.95,7.95,1/30/2016,1500,2,0.22,8892,TRINCHERO FAMILY ESTATES   
42_BLACK HOLLOW_5109,42,5109,Dr McGillicuddy's Menth Trav,750mL,1,13.99,13.99,1/21/2016,750,1,0.79,8004,SAZERAC CO INC             
10_HORNSEY_39087,10,39087,Corbett Canyon Pnt Grigio,3L,1,10.99,10.99,2/25/2016,3000,2,0.45,9815,WINE GROUP INC             
34_PITMERDEN_5739,34,5739,Malibu Rum,50mL,1,1.99,1.99,1/25/2016,50,1,0.05,17035,PERNOD RICARD USA          
73_DONCASTER_35049,73,35049,Ch Pesquie Cotes du Ventoux,750mL,4,51.96,12.99,1/23/2016,750,2,0.45,9552,M S WALKER INC             
51_ABERDEEN_3244,51,3244,Burnetts Vodka,750mL,1,5.79,5.79,1/24/2016,750,1,0.79,3924,HEAVEN HILL DISTILLERIES   
46_TYWARDREATH_3746,46,3746,Gordons Vodka 80 Proof,1.75L,1,12.99,12.99,1/9/2016,1750,1,1.84,3960,DIAGEO NORTH AMERICA INC   
9_BLACKPOOL_6734,9,6734,Gallo Twin Valley Cab Svgn C,1.5L,2,19.98,9.99,1/20/2016,1500,2,0.45,3252,E & J GALLO WINERY         
4_EANVERNESS_3138,4,3138,Svedka 100 Vodka,750mL,1,11.99,11.99,1/18/2016,750,1,0.79,1392,CONSTELLATION BRANDS INC   
36_LEWES_689,36,689,McManis Pnt Nr Cal,750mL,3,32.97,10.99,1/23/2016,750,2,0.34,653,STATE WINE & SPIRITS   
73_DONCASTER_13724,73,13724,Big House White,3L,1,10.49,10.49,1/22/2016,3000,2,0.45,9815,WINE GROUP INC             
39_EASTHALLOW_2037,39,2037,Jim Beam Honey,50mL,1,0.99,0.99,1/30/2016,50,1,0.05,12546,JIM BEAM BRANDS COMPANY    
33_HORNSEY_876,33,876,DeKuyper Creme de Cacao Whit,Liter,1,8.99,8.99,1/27/2016,1000,1,1.05,12546,JIM BEAM BRANDS COMPANY    
47_PELLA'S WISH_5232,47,5232,DeKuyper Buttershots Schnaps,1.75L,1,16.99,16.99,1/15/2016,1750,1,1.84,12546,JIM BEAM BRANDS COMPANY    
35_HALIVAARA_3180,35,3180,New Amsterdam Vodka,1.75L,1,14.99,14.99,1/11/2016,1750,1,1.84,3252,E & J GALLO WINERY         
27_MOUNTMEND_4264,27,4264,Capt Morgan Spiced Rum Trav,750mL,1,16.99,16.99,1/27/2016,750,1,0.79,3960,DIAGEO NORTH AMERICA INC   
37_PAETHSMOUTH_1238,37,1238,The Glenlivet 12 Yr Single,50mL,2,9.98,4.99,1/15/2016,50,1,0.1,17035,PERNOD RICARD USA          
10_HORNSEY_14895,10,14895,Vendange Pnt Grigio,1.5L,1,9.99,9.99,1/14/2016,1500,2,0.22,1392,CONSTELLATION BRANDS INC   
2_ASHBORNE_8485,2,8485,Gozio Amaretto,750mL,1,17.99,17.99,1/15/2016,750,1,0.79,1485,CASTLE BRANDS CORP.        
15_WANBORNE_4737,15,4737,St Remy VSOP Authentic Brndy,750mL,1,12.99,12.99,2/1/2016,750,1,0.79,7239,REMY COINTREAU USA INC     
23_ARBINGTON_3427,23,3427,Stolichnaya Blueberi,1.75L,1,26.99,26.99,1/23/2016,1750,1,1.84,8664,"STOLI GROUP,(USA) LLC      "
54_GUTHRAM_6682,54,6682,R M Woodbridge Chard Cal,1.5L,2,27.98,13.99,1/6/2016,1500,2,0.45,1392,CONSTELLATION BRANDS INC   
71_CLARCTON_5401,71,5401,Jagermeister Liqueur,200mL,1,5.99,5.99,1/10/2016,200,1,0.21,3089,SIDNEY FRANK IMPORTING CO  
35_HALIVAARA_45496,35,45496,Conquista Malbec Mendoza,750mL,2,17.98,8.99,1/22/2016,750,2,0.22,7153,PINE STATE TRADING CO      
73_DONCASTER_39146,73,39146,Matua Svgn Bl Marlboro,750mL,2,23.98,11.99,1/29/2016,750,2,0.22,9819,TREASURY WINE ESTATES      
69_MOUNTMEND_8066,69,8066,DeKuyper Triple Sec,1.75L,5,44.95,8.99,1/15/2016,1750,1,9.19,12546,JIM BEAM BRANDS COMPANY    
73_DONCASTER_1030,73,1030,Ole Smoky Pumpkin Pie,750mL,1,18.99,18.99,1/29/2016,750,1,0.79,6359,OLE SMOKY DISTILLERY LLC   
54_GUTHRAM_19831,54,19831,Cesari Boscarel,750mL,1,9.99,9.99,1/23/2016,750,2,0.11,9165,ULTRA BEVERAGE COMPANY LLP 
50_MOUNTMEND_4326,50,4326,Rumson's Coffee Rum,750mL,1,29.99,29.99,1/7/2016,750,1,0.79,7153,PINE STATE TRADING CO      
10_HORNSEY_16843,10,16843,Barefoot Cellars Red Moscato,750mL,1,6.29,6.29,2/16/2016,750,2,0.11,3252,E & J GALLO WINERY         
71_CLARCTON_8159,71,8159,Jose Cuervo Especial,1.75L,2,51.98,25.99,1/27/2016,1750,1,3.67,7245,PROXIMO SPIRITS INC.       
19_WINTERVALE_3896,19,3896,Zhenka Vodka,375mL,1,3.29,3.29,2/29/2016,375,1,0.39,9552,M S WALKER INC             
10_HORNSEY_5502,10,5502,RumChata Liqueur,50mL,2,1.98,0.99,1/29/2016,50,1,0.1,6213,MHW LTD                    
72_HARDERSFIELD_14623,72,14623,The Naked Grape Pnt Grigio,750mL,2,13.98,6.99,1/15/2016,750,2,0.22,3252,E & J GALLO WINERY         
27_MOUNTMEND_5415,27,5415,Amaretto di Amore,1.75L,1,15.99,15.99,1/18/2016,1750,1,1.84,660,SAZERAC NORTH AMERICA INC. 
17_OLDHAM_5491,17,5491,Rumpleminze,50mL,4,7.96,1.99,1/26/2016,50,1,0.21,3960,DIAGEO NORTH AMERICA INC   
22_SHARNWICK_743,22,743,Angels Envy Whiskey,750mL,1,49.99,49.99,1/23/2016,750,1,0.79,480,BACARDI USA INC            
32_MOUNTMEND_6976,32,6976,Ruffino Chianti Clsc RSV Tan,750mL,1,19.99,19.99,1/30/2016,750,2,0.11,1392,CONSTELLATION BRANDS INC   
74_PAENTMARWY_6553,74,6553,Harveys Bristol Cream Sherry,750mL,1,13.99,13.99,1/30/2016,750,2,0.11,12546,JIM BEAM BRANDS COMPANY    
6_GOULCREST_4346,6,4346,Mr Boston Dark Rum,1.75L,1,13.49,13.49,1/14/2016,1750,1,1.84,660,SAZERAC NORTH AMERICA INC. 
67_EANVERNESS_43922,67,43922,Farnum Hill Farmhouse Cider,750mL,1,8.99,8.99,1/22/2016,750,2,0.11,90027,POVERTY LANE ORCHARDS      
50_MOUNTMEND_8726,50,8726,Baileys Irish Cream,50mL,2,3.98,1.99,1/28/2016,50,1,0.1,3960,DIAGEO NORTH AMERICA INC   
43_WOLFORD_2445,43,2445,Seagrams VO,750mL,1,11.99,11.99,1/29/2016,750,1,0.79,3960,DIAGEO NORTH AMERICA INC   
60_IRRAGIN_6542,60,6542,Melini Borghi D'Elsa Chiant,750mL,1,6.49,6.49,1/20/2016,750,2,0.11,9744,FREDERICK WILDMAN & SONS   
4_EANVERNESS_4261,4,4261,Capt Morgan Spiced Rum,1.75L,4,87.96,21.99,1/5/2016,1750,1,7.35,3960,DIAGEO NORTH AMERICA INC   
10_HORNSEY_8096,10,8096,Beefeater Gin,50mL,7,13.93,1.99,1/17/2016,50,1,0.37,17035,PERNOD RICARD USA          
49_GARIGILL_5027,49,5027,99 Apples Schnapps Liqueur,750mL,2,31.98,15.99,1/9/2016,750,1,1.57,660,SAZERAC NORTH AMERICA INC. 
73_DONCASTER_5403,73,5403,Amaretto di Amore,750mL,7,69.93,9.99,1/31/2016,750,1,5.51,660,SAZERAC NORTH AMERICA INC. 
50_MOUNTMEND_6081,50,6081,Kinky Blue Liqueur,50mL,4,7.96,1.99,1/26/2016,50,1,0.21,7153,PINE STATE TRADING CO      
15_WANBORNE_5353,15,5353,Grand Marnier,375mL,1,18.99,18.99,1/29/2016,375,1,0.39,8112,MOET HENNESSY USA INC      
79_BALLYMENA_43590,79,43590,Ch Ste Michelle Indn Wls Cab,750mL,3,53.97,17.99,1/10/2016,750,2,0.34,8673,STE MICHELLE WINE ESTATES  
71_CLARCTON_3622,71,3622,Spud Potato Vodka,750mL,1,18.49,18.49,1/13/2016,750,1,0.79,10050,Russian Standard Vodka     
15_WANBORNE_21517,15,21517,Riunite Lambrusco Cuties,187mL,1,7.79,7.79,1/30/2016,187,2,0.03,516,BANFI PRODUCTS CORP        
21_BALERNO_3216,21,3216,Fleischmanns X Dry Gin,1.75L,3,35.97,11.99,1/8/2016,1750,1,5.51,660,SAZERAC NORTH AMERICA INC. 
48_NORFOLK_24002,48,24002,Corbett Canyon Chard,1.5L,1,6.99,6.99,1/15/2016,1500,2,0.22,9815,WINE GROUP INC             
34_PITMERDEN_3527,34,3527,Reyka Vodka,1.75L,2,59.98,29.99,1/31/2016,1750,1,3.67,3664,WILLIAM GRANT & SONS INC   
76_DONCASTER_5270,76,5270,Southern Comfort,50mL,1,1.99,1.99,1/15/2016,50,1,0.05,1128,BROWN-FORMAN CORP          
69_MOUNTMEND_39518,69,39518,J Lohr Riverstone Chard,1.5L,1,27.99,27.99,1/28/2016,1500,2,0.22,4425,MARTIGNETTI COMPANIES
11_CARDEND_12773,11,12773,Joel Gott Znfdl,750mL,1,14.99,14.99,1/2/2016,750,2,0.11,8892,TRINCHERO FAMILY ESTATES   
2_ASHBORNE_3425,2,3425,Olmeca Altos Plata Tequila,750mL,1,23.99,23.99,1/11/2016,750,1,0.79,17035,PERNOD RICARD USA          
50_MOUNTMEND_34635,50,34635,Riunite Lambrusco Rose,1.5L,1,7.99,7.99,1/7/2016,1500,2,0.22,516,BANFI PRODUCTS CORP        
68_SOLARIS_4176,68,4176,Blackheart Spiced Rum,750mL,2,21.98,10.99,1/2/2016,750,1,1.57,3924,HEAVEN HILL DISTILLERIES   
59_CLAETHORPES_4241,59,4241,Capt Morgan Spiced Rum,50mL,3,5.97,1.99,1/12/2016,50,1,0.16,3960,DIAGEO NORTH AMERICA INC   
14_BROMWICH_8111,14,8111,Smirnoff 80 Proof,50mL,10,9.9,0.99,1/19/2016,50,1,0.52,3960,DIAGEO NORTH AMERICA INC   
61_AETHELNEY_1376,61,1376,Jim Beam,1.75L,3,68.97,22.99,1/8/2016,1750,1,5.51,12546,JIM BEAM BRANDS COMPANY    
10_HORNSEY_46762,10,46762,Clayhouse Cab Svgn Paso Rbls,750mL,1,14.99,14.99,2/5/2016,750,2,0.11,4425,MARTIGNETTI COMPANIES
63_SWORDBREAK_4250,63,4250,Zaya Grand Reserva Rum,750mL,1,34.99,34.99,1/2/2016,750,1,0.79,9165,ULTRA BEVERAGE COMPANY LLP 
58_HARTLEPOOL_4199,58,4199,Sauza Blanco Tequila,1.75L,1,22.99,22.99,1/31/2016,1750,1,1.84,12546,JIM BEAM BRANDS COMPANY    
9_BLACKPOOL_6226,9,6226,Marcus James Chard,1.5L,4,35.96,8.99,1/17/2016,1500,2,0.9,1392,CONSTELLATION BRANDS INC   
21_BALERNO_14184,21,14184,Ch M Vert Lussac St Emilion,750mL,1,13.99,13.99,1/24/2016,750,2,0.11,7153,PINE STATE TRADING CO      
13_TARMSWORTH_3595,13,3595,Smirnoff Blue 100 Proof,750mL,1,15.99,15.99,1/27/2016,750,1,0.79,3960,DIAGEO NORTH AMERICA INC   
11_CARDEND_24798,11,24798,The Pinot Project Pnt Nr,750mL,2,25.98,12.99,2/26/2016,750,2,0.22,10754,PERFECTA WINES             
23_ARBINGTON_24631,23,24631,Acumen Moutainside Red Napa,750mL,1,24.99,24.99,1/1/2016,750,2,0.11,4425,MARTIGNETTI COMPANIES
1_HARDERSFIELD_2696,1,2696,McClelland Highland Sgl Malt,1.75L,1,37.99,37.99,1/4/2016,1750,1,1.84,12546,JIM BEAM BRANDS COMPANY    
41_LARNWICK_4247,41,4247,Bacardi Limon Rum,750mL,1,13.99,13.99,1/26/2016,750,1,0.79,480,BACARDI USA INC            
12_LEESIDE_29248,12,29248,Toasted Head Chard,750mL,1,10.99,10.99,1/6/2016,750,2,0.11,1392,CONSTELLATION BRANDS INC   
25_CAERSHIRE_19244,25,19244,Trimbach Riesling,750mL,2,35.98,17.99,1/14/2016,750,2,0.22,6785,PALM BAY INTERNATIONAL INC 
1_HARDERSFIELD_32368,1,32368,Cavit Pinot Noir Delle Vene,1.5L,2,29.98,14.99,1/15/2016,1500,2,0.45,6785,PALM BAY INTERNATIONAL INC 
66_EANVERNESS_3162,66,3162,Burnett's Peach Vodka,50mL,7,6.93,0.99,1/16/2016,50,1,0.37,3924,HEAVEN HILL DISTILLERIES   
69_MOUNTMEND_4297,69,4297,Ronrico Silver Traveler,750mL,1,6.99,6.99,1/21/2016,750,1,0.79,12546,JIM BEAM BRANDS COMPANY    
21_BALERNO_6682,21,6682,R M Woodbridge Chard Cal,1.5L,1,13.99,13.99,1/7/2016,1500,2,0.22,1392,CONSTELLATION BRANDS INC   
77_TAMWORTH_3505,77,3505,Tito's Handmade Vodka,750mL,1,21.99,21.99,1/12/2016,750,1,0.79,4425,MARTIGNETTI COMPANIES
23_ARBINGTON_36579,23,36579,Covey Run Rsl Columbia Vly,750mL,2,11.98,5.99,1/10/2016,750,2,0.22,3252,E & J GALLO WINERY         
13_TARMSWORTH_32908,13,32908,Sterling Vintners Cltn Merlo,750mL,1,11.99,11.99,1/7/2016,750,2,0.11,1590,DIAGEO CHATEAU ESTATE WINES
16_LUNDY_24875,16,24875,Glen Ellen Merlot RSV,1.5L,1,6.99,6.99,1/21/2016,1500,2,0.22,9815,WINE GROUP INC             
69_MOUNTMEND_4762,69,4762,Hartley Brandy VS,750mL,1,6.99,6.99,1/16/2016,750,1,0.79,8004,SAZERAC CO INC             
79_BALLYMENA_3253,79,3253,Gilbeys London Dry,1.75L,1,12.49,12.49,1/28/2016,1750,1,1.84,12546,JIM BEAM BRANDS COMPANY    
10_HORNSEY_3835,10,3835,Smirnoff Raspberry Vodka,750mL,4,43.96,10.99,1/23/2016,750,1,3.15,3960,DIAGEO NORTH AMERICA INC   
5_SUTTON_5367,5,5367,Sambuca di Amore,750mL,2,19.98,9.99,1/2/2016,750,1,1.57,660,SAZERAC NORTH AMERICA INC. 
69_MOUNTMEND_3423,69,3423,Beefeater,1.75L,6,161.94,26.99,1/21/2016,1750,1,11.02,17035,PERNOD RICARD USA          
33_HORNSEY_18893,33,18893,19 Crimes Red,750mL,2,19.98,9.99,1/31/2016,750,2,0.22,9819,TREASURY WINE ESTATES      
33_HORNSEY_3040,33,3040,Tito's Handmade Vodka,Liter,1,23.99,23.99,1/27/2016,1000,1,1.05,4425,MARTIGNETTI COMPANIES
15_WANBORNE_15980,15,15980,Moonlight Meadery Apple Pie,375mL,2,25.98,12.99,2/12/2016,375,2,0.11,6215,MOONLIGHT MEADERY          
76_DONCASTER_23898,76,23898,Dr Konstantin Frank Rose,750mL,1,16.99,16.99,1/28/2016,750,2,0.11,10754,PERFECTA WINES             
66_EANVERNESS_46311,66,46311,Twisted Old Vine Znfdl,750mL,2,13.98,6.99,1/16/2016,750,2,0.22,2242,DELICATO VINEYARDS INC     
76_DONCASTER_35442,76,35442,Borsao Tres Picos Garnacha,750mL,9,116.91,12.99,1/23/2016,750,2,1.01,9552,M S WALKER INC             
34_PITMERDEN_5765,34,5765,Jose Cuervo Lime Margarita,1.75L,4,55.96,13.99,1/31/2016,1750,1,7.35,7245,PROXIMO SPIRITS INC.       
22_SHARNWICK_4262,22,4262,Capt Morgan Spiced Rum,750mL,1,14.99,14.99,1/14/2016,750,1,0.79,3960,DIAGEO NORTH AMERICA INC   
70_KELD_11219,70,11219,Josh Cellars Cab Svgn Sonoma,750mL,1,14.99,14.99,1/18/2016,750,2,0.11,4425,MARTIGNETTI COMPANIES
51_ABERDEEN_8673,51,8673,Skinnygirl Margarita,750mL,2,21.98,10.99,1/23/2016,750,1,1.57,12546,JIM BEAM BRANDS COMPANY    
8_ALNERWICK_3826,8,3826,Skyy Vodka,1.75L,2,49.98,24.99,1/17/2016,1750,1,3.67,11567,CAMPARI AMERICA            
34_PITMERDEN_5253,34,5253,Kahlua Original Mudslide RTD,1.75L,1,15.99,15.99,1/1/2016,1750,1,1.84,17035,PERNOD RICARD USA          
25_CAERSHIRE_24907,25,24907,Bogle Old Vine Znfdl Cal,750mL,2,27.98,13.99,1/17/2016,750,2,0.22,4425,MARTIGNETTI COMPANIES
67_EANVERNESS_21218,67,21218,Heitz Znfdl Ink Grade Vyd,750mL,1,27.99,27.99,1/31/2016,750,2,0.11,4425,MARTIGNETTI COMPANIES
1_HARDERSFIELD_45822,1,45822,Masciarelli Montepulciano,750mL,1,9.99,9.99,1/26/2016,750,2,0.11,10754,PERFECTA WINES             
22_SHARNWICK_12123,22,12123,Barefoot Cellars Rsl,750mL,1,6.29,6.29,1/26/2016,750,2,0.11,3252,E & J GALLO WINERY         
63_SWORDBREAK_3276,63,3276,Gordons London Dry,1.75L,2,29.98,14.99,1/17/2016,1750,1,3.67,3960,DIAGEO NORTH AMERICA INC   
64_CESTERFIELD_6688,64,6688,Ch St Jean Chard California,750mL,8,111.92,13.99,1/15/2016,750,2,0.9,9819,TREASURY WINE ESTATES      
42_BLACK HOLLOW_3879,42,3879,Smirnoff 80 Proof Traveler,750mL,1,12.99,12.99,1/20/2016,750,1,0.79,3960,DIAGEO NORTH AMERICA INC   
43_WOLFORD_3762,43,3762,Patron Silver Tequila,50mL,1,5.99,5.99,1/23/2016,50,1,0.05,9165,ULTRA BEVERAGE COMPANY LLP 
61_AETHELNEY_8480,61,8480,Clan MacGregor,1.75L,1,18.99,18.99,1/25/2016,1750,1,1.84,3664,WILLIAM GRANT & SONS INC   
2_ASHBORNE_8537,2,8537,Dom Chandon Brut Cuvee,750mL,1,17.99,17.99,1/7/2016,750,2,0.11,8112,MOET HENNESSY USA INC      
5_SUTTON_12495,5,12495,Cupcake Malbec,750mL,1,8.49,8.49,1/9/2016,750,2,0.11,9815,WINE GROUP INC             
41_LARNWICK_3960,41,3960,Tortilla Gold Tequila Liquer,1.75L,2,27.98,13.99,1/18/2016,1750,1,3.67,8004,SAZERAC CO INC             
35_HALIVAARA_3422,35,3422,Beefeater,750mL,1,19.99,19.99,1/1/2016,750,1,0.79,17035,PERNOD RICARD USA          
77_TAMWORTH_1727,77,1727,West Cork Irish Whiskey,750mL,1,21.99,21.99,1/30/2016,750,1,0.79,9552,M S WALKER INC             
73_DONCASTER_19175,73,19175,Melini Chianti DOCG Riserva,750mL,1,11.99,11.99,1/18/2016,750,2,0.11,9744,FREDERICK WILDMAN & SONS   
32_MOUNTMEND_16540,32,16540,Atamisque Malbec,750mL,1,20.99,20.99,1/5/2016,750,2,0.11,7153,PINE STATE TRADING CO      
74_PAENTMARWY_15428,74,15428,Ruffino Prosecco Sparkling,750mL,2,27.98,13.99,1/20/2016,750,2,0.22,1392,CONSTELLATION BRANDS INC   
53_HILLFAR_31465,53,31465,Franzia Tap Chard,5L,1,15.99,15.99,1/13/2016,5000,2,0.75,9815,WINE GROUP INC             
49_GARIGILL_3568,49,3568,Pearl Cucumber Vodka,50mL,4,3.96,0.99,1/24/2016,50,1,0.21,8352,LUXCO INC                  
16_LUNDY_4429,16,4429,Capt Morgan Silver Spicd Rum,1.75L,1,22.99,22.99,1/21/2016,1750,1,1.84,3960,DIAGEO NORTH AMERICA INC   
66_EANVERNESS_5630,66,5630,Cabin Fever Maple Liqueur,750mL,1,17.99,17.99,1/31/2016,750,1,0.79,3960,DIAGEO NORTH AMERICA INC   
75_BARNCOMBE_2780,75,2780,Bulleit 10 Yr Old Bourbon,750mL,11,450.89,40.99,1/29/2016,750,1,8.66,3960,DIAGEO NORTH AMERICA INC   
1_HARDERSFIELD_23212,1,23212,The Dreaming Tree Pnt Nr CA,750mL,2,25.98,12.99,2/6/2016,750,2,0.22,1392,CONSTELLATION BRANDS INC   
10_HORNSEY_3352,10,3352,Ciroc Coconut Vodka,750mL,4,99.96,24.99,2/12/2016,750,1,3.15,3960,DIAGEO NORTH AMERICA INC   
16_LUNDY_4261,16,4261,Capt Morgan Spiced Rum,1.75L,5,109.95,21.99,2/16/2016,1750,1,9.19,3960,DIAGEO NORTH AMERICA INC   
21_BALERNO_6126,21,6126,Sogno di Sorrento Crema Lem,750mL,1,29.99,29.99,1/9/2016,750,1,0.79,9165,ULTRA BEVERAGE COMPANY LLP 
49_GARIGILL_6234,49,6234,C Y Toro Front Cab/Merlot,1.5L,1,7.99,7.99,1/19/2016,1500,2,0.22,516,BANFI PRODUCTS CORP        
60_IRRAGIN_8018,60,8018,La Vieille Ferme Red Ventoux,750mL,3,26.97,8.99,1/20/2016,750,2,0.34,1587,VINEYARD BRANDS INC        
1_HARDERSFIELD_41213,1,41213,A to Z Pnt Nr Ore,750mL,3,41.85,13.95,2/21/2016,750,2,0.34,9165,ULTRA BEVERAGE COMPANY LLP 
68_SOLARIS_23973,68,23973,Catena RSV Cab Svgn,750mL,1,16.99,16.99,1/18/2016,750,2,0.11,9552,M S WALKER INC             
71_CLARCTON_8159,71,8159,Jose Cuervo Especial,1.75L,2,51.98,25.99,1/30/2016,1750,1,3.67,7245,PROXIMO SPIRITS INC.       
79_BALLYMENA_3423,79,3423,Beefeater,1.75L,2,53.98,26.99,1/1/2016,1750,1,3.67,17035,PERNOD RICARD USA          
29_AYLESBURY_1282,29,1282,Small Batch 1792,750mL,1,29.99,29.99,1/5/2016,750,1,0.79,660,SAZERAC NORTH AMERICA INC. 
34_PITMERDEN_1737,34,1737,Makers Mark,1.75L,5,234.95,46.99,1/6/2016,1750,1,9.19,12546,JIM BEAM BRANDS COMPANY    
60_IRRAGIN_4798,60,4798,Sambuca Romana Liqueur,50mL,3,5.97,1.99,1/22/2016,50,1,0.16,3960,DIAGEO NORTH AMERICA INC   
50_MOUNTMEND_7221,50,7221,M & R Sweet Vermouth,1.5L,4,41.96,10.49,1/8/2016,1500,2,0.9,480,BACARDI USA INC            
11_CARDEND_2751,11,2751,Johnnie Walker Black Label,375mL,1,19.99,19.99,1/24/2016,375,1,0.39,3960,DIAGEO NORTH AMERICA INC   
34_PITMERDEN_8778,34,8778,Bulleit Bourbon,1.75L,1,49.99,49.99,1/14/2016,1750,1,1.84,3960,DIAGEO NORTH AMERICA INC   
33_HORNSEY_8513,33,8513,Baileys Irish Cream Mini's 4,100mL 4 Pk,2,17.98,8.99,1/16/2016,100,1,0.21,3960,DIAGEO NORTH AMERICA INC   
69_MOUNTMEND_14416,69,14416,J Lohr Falcons Perch Pnt Nr,750mL,3,47.97,15.99,1/17/2016,750,2,0.34,4425,MARTIGNETTI COMPANIES
41_LARNWICK_4563,41,4563,Christian Bros Brandy,1.75L,1,16.99,16.99,1/24/2016,1750,1,1.84,3924,HEAVEN HILL DISTILLERIES   
25_CAERSHIRE_8746,25,8746,Cavit Pinot Grigio,750mL,1,6.99,6.99,1/17/2016,750,2,0.11,6785,PALM BAY INTERNATIONAL INC 
50_MOUNTMEND_3738,50,3738,Three Olives Chocolate Vodka,750mL,2,23.98,11.99,1/10/2016,750,1,1.57,7245,PROXIMO SPIRITS INC.       
50_MOUNTMEND_14663,50,14663,Spellbound Merlot,750mL,1,13.99,13.99,1/16/2016,750,2,0.11,9165,ULTRA BEVERAGE COMPANY LLP 
60_IRRAGIN_6579,60,6579,J Lohr Riverstone Chard,750mL,5,54.95,10.99,1/4/2016,750,2,0.56,4425,MARTIGNETTI COMPANIES
10_HORNSEY_2690,10,2690,Black Velvet Reserve,750mL,1,9.99,9.99,1/13/2016,750,1,0.79,1392,CONSTELLATION BRANDS INC   
47_PELLA'S WISH_12220,47,12220,Angeline Pnt Nr,750mL,3,32.97,10.99,1/9/2016,750,2,0.34,9552,M S WALKER INC             
60_IRRAGIN_3834,60,3834,Skyy Vodka,750mL,1,15.99,15.99,1/20/2016,750,1,0.79,11567,CAMPARI AMERICA            
32_MOUNTMEND_4736,32,4736,Capt Morgan Spiced Rum,100mL,3,8.97,2.99,1/8/2016,100,1,0.32,3960,DIAGEO NORTH AMERICA INC   
63_SWORDBREAK_538,63,538,Amaretto DiSaronno,375mL,1,12.99,12.99,1/23/2016,375,1,0.39,2555,DISARONNO INTERNATIONAL LLC
71_CLARCTON_34134,71,34134,Turning Leaf RSV Chard Cal,1.5L,1,8.99,8.99,1/24/2016,1500,2,0.22,3252,E & J GALLO WINERY         
73_DONCASTER_46621,73,46621,Erath Pnt Nr Estate OR,750mL,1,23.99,23.99,1/2/2016,750,2,0.11,8673,STE MICHELLE WINE ESTATES  
12_LEESIDE_34905,12,34905,Smoking Loon Merlot,750mL,1,7.99,7.99,2/10/2016,750,2,0.11,9552,M S WALKER INC             
40_BULLMAR_16948,40,16948,Rex Goliath Malbec,750mL,2,11.98,5.99,1/23/2016,750,2,0.22,1392,CONSTELLATION BRANDS INC   
32_MOUNTMEND_2675,32,2675,Crown Royal XO,750mL,1,46.99,46.99,1/13/2016,750,1,0.79,3960,DIAGEO NORTH AMERICA INC   
1_HARDERSFIELD_25269,1,25269,R Mondavi Cab Svgn Pvt Sel,750mL,1,8.99,8.99,1/9/2016,750,2,0.11,1392,CONSTELLATION BRANDS INC   
60_IRRAGIN_6742,60,6742,Rodney Strong Chalk Hill Cha,750mL,1,18.99,18.99,1/23/2016,750,2,0.11,4425,MARTIGNETTI COMPANIES
23_ARBINGTON_39146,23,39146,Matua Svgn Bl Marlboro,750mL,1,11.99,11.99,1/16/2016,750,2,0.11,9819,TREASURY WINE ESTATES      
59_CLAETHORPES_10451,59,10451,Line 39 Cab Svgn Lake Cnty,750mL,3,29.97,9.99,1/22/2016,750,2,0.34,7153,PINE STATE TRADING CO      
31_HORNSEY_5399,31,5399,Goldschlager Cinnamon Schna,50mL,17,33.83,1.99,1/19/2016,50,1,0.89,3960,DIAGEO NORTH AMERICA INC   
15_WANBORNE_2418,15,2418,Crown Royal Regal Apple,750mL,1,22.99,22.99,2/18/2016,750,1,0.79,3960,DIAGEO NORTH AMERICA INC   
22_SHARNWICK_8504,22,8504,R M Woodbridge Cab Svgn Cal,1.5L,3,41.97,13.99,1/19/2016,1500,2,0.68,1392,CONSTELLATION BRANDS INC   
73_DONCASTER_6375,73,6375,Christian Bros Dry Sherry,750mL,1,5.49,5.49,1/13/2016,750,2,0.11,3924,HEAVEN HILL DISTILLERIES   
38_GOULCREST_4959,38,4959,Bacardi Tangerine,50mL,3,2.97,0.99,1/30/2016,50,1,0.16,480,BACARDI USA INC            
21_BALERNO_11828,21,11828,Cupcake Svgn Bl,750mL,3,25.47,8.49,1/13/2016,750,2,0.34,9815,WINE GROUP INC             
68_SOLARIS_41712,68,41712,Fish Eye Chard,750mL,1,5.99,5.99,1/2/2016,750,2,0.11,9815,WINE GROUP INC             
38_GOULCREST_1468,38,1468,Knob Creek Single Barrel Rsv,750mL,1,46.99,46.99,1/7/2016,750,1,0.79,12546,JIM BEAM BRANDS COMPANY    
69_MOUNTMEND_8905,69,8905,Livingston Cellars Red Rose,3L,1,11.99,11.99,1/13/2016,3000,2,0.45,3252,E & J GALLO WINERY         
12_LEESIDE_33149,12,33149,Alamos Ridge Malbec Mendoza,750mL,1,8.99,8.99,2/19/2016,750,2,0.11,3252,E & J GALLO WINERY         
17_OLDHAM_3397,17,3397,Ciroc Red Berry Vodka,750mL,1,28.99,28.99,1/15/2016,750,1,0.79,3960,DIAGEO NORTH AMERICA INC   
7_STANMORE_2114,7,2114,Black Velvet Canadian Whisky,1.75L,19,246.81,12.99,1/15/2016,1750,1,34.91,1392,CONSTELLATION BRANDS INC   
32_MOUNTMEND_26966,32,26966,De Loach Cab Svgn Cal,750mL,1,9.99,9.99,1/12/2016,750,2,0.11,4425,MARTIGNETTI COMPANIES
53_HILLFAR_17954,53,17954,Drops of Jupiter Red,750mL,1,7.99,7.99,1/17/2016,750,2,0.11,9815,WINE GROUP INC             
60_IRRAGIN_31542,60,31542,Morgan Winery Twelve Clones,750mL,1,27.99,27.99,1/29/2016,750,2,0.11,10754,PERFECTA WINES             
50_MOUNTMEND_20483,50,20483,Joel Gott Pnt Nr,750mL,1,17.99,17.99,1/11/2016,750,2,0.11,8892,TRINCHERO FAMILY ESTATES   
6_GOULCREST_4798,6,4798,Sambuca Romana Liqueur,50mL,2,3.98,1.99,1/13/2016,50,1,0.1,3960,DIAGEO NORTH AMERICA INC   
54_GUTHRAM_22275,54,22275,Markham Merlot,750mL,2,45.98,22.99,1/2/2016,750,2,0.22,4425,MARTIGNETTI COMPANIES
7_STANMORE_18778,7,18778,Once Upon A Vine Pnt Nr,750mL,2,23.98,11.99,1/16/2016,750,2,0.22,1590,DIAGEO CHATEAU ESTATE WINES
31_HORNSEY_15105,31,15105,Kendall Jackson Avant Chard,750mL,1,13.99,13.99,1/29/2016,750,2,0.11,10000,MAJESTIC FINE WINES        
15_WANBORNE_5410,15,5410,Raspberry di Amore,750mL,2,19.98,9.99,1/31/2016,750,1,1.57,660,SAZERAC NORTH AMERICA INC. 
76_DONCASTER_36852,76,36852,Frey Znfdl Organic Mendocino,750mL,1,15.99,15.99,1/11/2016,750,2,0.11,10754,PERFECTA WINES             
67_EANVERNESS_19357,67,19357,Kendall Jackson Vntnr Rsv Ch,375mL,5,29.95,5.99,1/31/2016,375,2,0.28,10000,MAJESTIC FINE WINES        
17_OLDHAM_3781,17,3781,Three Olives Vanilla Vodka,750mL,2,23.98,11.99,2/7/2016,750,1,1.57,7245,PROXIMO SPIRITS INC.       
43_WOLFORD_3522,43,3522,Platinum 7X Distilled Vodka,1.75L,4,51.96,12.99,1/25/2016,1750,1,7.35,8004,SAZERAC CO INC             
9_BLACKPOOL_32368,9,32368,Cavit Pinot Noir Delle Vene,1.5L,3,44.97,14.99,1/22/2016,1500,2,0.68,6785,PALM BAY INTERNATIONAL INC 
27_MOUNTMEND_31494,27,31494,Barefoot Merlot Cal,1.5L,1,10.99,10.99,1/7/2016,1500,2,0.22,3252,E & J GALLO WINERY         
67_EANVERNESS_10420,67,10420,Barefoot Moscato Cal,750mL,2,9.98,4.99,1/3/2016,750,2,0.22,3252,E & J GALLO WINERY         
70_KELD_9145,70,9145,Smirnoff Kissed Caramel,50mL,12,11.88,0.99,1/29/2016,50,1,0.63,3960,DIAGEO NORTH AMERICA INC   
41_LARNWICK_3887,41,3887,Wolfschmidt Vodka 80 Proof,1.75L,1,12.99,12.99,1/9/2016,1750,1,1.84,8352,LUXCO INC                  
24_PALPERROTH_4379,24,4379,Bacardi Coconut,50mL,2,1.98,0.99,1/11/2016,50,1,0.1,480,BACARDI USA INC            
14_BROMWICH_5382,14,5382,Ice 101 Peppermint Schnapps,750mL,2,23.98,11.99,2/25/2016,750,1,1.57,8004,SAZERAC CO INC             
55_DRY GULCH_5348,55,5348,St Brendans Irish Cream,750mL,1,13.99,13.99,1/16/2016,750,1,0.79,8352,LUXCO INC                  
12_LEESIDE_16262,12,16262,The Dreaming Tree Crush Red,750mL,2,29.98,14.99,1/9/2016,750,2,0.22,1392,CONSTELLATION BRANDS INC   
62_KILMARNOCK_2756,62,2756,Jameson Caskmates,750mL,1,29.99,29.99,1/8/2016,750,1,0.79,17035,PERNOD RICARD USA          
1_HARDERSFIELD_5810,1,5810,Cuervo Watermelon Margaritas,1.75L,1,13.99,13.99,1/8/2016,1750,1,1.84,7245,PROXIMO SPIRITS INC.       
1_HARDERSFIELD_21338,1,21338,Vincent Delaporte Sancerre,750mL,1,19.99,19.99,1/22/2016,750,2,0.11,1587,VINEYARD BRANDS INC        
76_DONCASTER_3835,76,3835,Smirnoff Raspberry Vodka,750mL,2,21.98,10.99,1/30/2016,750,1,1.57,3960,DIAGEO NORTH AMERICA INC   
61_AETHELNEY_4135,61,4135,Smirnoff Blueberry Vodka,50mL,8,7.92,0.99,1/5/2016,50,1,0.42,3960,DIAGEO NORTH AMERICA INC   
50_MOUNTMEND_8590,50,8590,Arrow Peppermint Schnapps,750mL,3,20.97,6.99,1/17/2016,750,1,2.36,8352,LUXCO INC                  
34_PITMERDEN_4103,34,4103,Capt Morgan White,750mL,20,299.8,14.99,1/29/2016,750,1,15.75,3960,DIAGEO NORTH AMERICA INC   
2_ASHBORNE_15156,2,15156,Yago Sant'Gria Red,3L,2,28.98,14.49,1/9/2016,3000,2,0.9,8352,LUXCO INC                  
53_HILLFAR_5058,53,5058,Capt Morgan Long Isl Tea RTD,1.75L,1,17.99,17.99,1/29/2016,1750,1,1.84,3960,DIAGEO NORTH AMERICA INC   
77_TAMWORTH_2879,77,2879,Corner Creek Rsv Bourbon,750mL,1,29.99,29.99,1/2/2016,750,1,0.79,4425,MARTIGNETTI COMPANIES
58_HARTLEPOOL_7994,58,7994,Stock Italian Sweet Vermouth,1.5L,2,19.98,9.99,1/9/2016,1500,1,3.15,8352,LUXCO INC                  
66_EANVERNESS_5251,66,5251,DeKuyper Buttershots Schnpps,50mL,1,0.99,0.99,1/7/2016,50,1,0.05,12546,JIM BEAM BRANDS COMPANY    
32_MOUNTMEND_8778,32,8778,Bulleit Bourbon,1.75L,1,49.99,49.99,1/27/2016,1750,1,1.84,3960,DIAGEO NORTH AMERICA INC   
60_IRRAGIN_3607,60,3607,Smirnoff Citrus Vodka,50mL,2,1.98,0.99,1/5/2016,50,1,0.1,3960,DIAGEO NORTH AMERICA INC   
22_SHARNWICK_24429,22,24429,Baracchi O'Lillo,750mL,2,23.98,11.99,1/10/2016,750,2,0.22,9165,ULTRA BEVERAGE COMPANY LLP 
27_MOUNTMEND_28947,27,28947,R M Woodbridge Merlot Cal,1.5L,1,13.99,13.99,1/7/2016,1500,2,0.22,1392,CONSTELLATION BRANDS INC   
25_CAERSHIRE_3689,25,3689,Stolichnaya Vanil,750mL,1,17.99,17.99,1/26/2016,750,1,0.79,8664,"STOLI GROUP,(USA) LLC      "
51_ABERDEEN_4438,51,4438,Cruzan Black Cherry Rum,750mL,1,9.99,9.99,1/15/2016,750,1,0.79,12546,JIM BEAM BRANDS COMPANY    
78_EASTHAVEN_11826,78,11826,Cupcake Chard,750mL,3,25.47,8.49,1/14/2016,750,2,0.34,9815,WINE GROUP INC             
10_HORNSEY_3345,10,3345,Bombay Sapphire Gin,50mL,2,3.98,1.99,1/8/2016,50,1,0.1,480,BACARDI USA INC            
42_BLACK HOLLOW_3089,42,3089,Evan Williams Honey Reserve,750mL,1,9.99,9.99,1/31/2016,750,1,0.79,3924,HEAVEN HILL DISTILLERIES   
11_CARDEND_8537,11,8537,Dom Chandon Brut Cuvee,750mL,1,15.99,15.99,2/3/2016,750,2,0.11,8112,MOET HENNESSY USA INC      
61_AETHELNEY_3505,61,3505,Tito's Handmade Vodka,750mL,3,65.97,21.99,1/28/2016,750,1,2.36,4425,MARTIGNETTI COMPANIES
23_ARBINGTON_46380,23,46380,Ghost Pines Chard L Martini,750mL,1,16.99,16.99,1/22/2016,750,2,0.11,3252,E & J GALLO WINERY         
71_CLARCTON_1180,71,1180,Evan Williams Black Label B,1.75L,2,35.98,17.99,1/11/2016,1750,1,3.67,3924,HEAVEN HILL DISTILLERIES   
73_DONCASTER_8329,73,8329,R Mondavi Chard Pvt Sel,750mL,3,26.97,8.99,1/29/2016,750,2,0.34,1392,CONSTELLATION BRANDS INC   
75_BARNCOMBE_14706,75,14706,Cupcake Prosecco,750mL,3,20.97,6.99,1/1/2016,750,2,0.34,9815,WINE GROUP INC             
62_KILMARNOCK_8961,62,8961,Jose Cuervo Especial,50mL,1,1.49,1.49,1/29/2016,50,1,0.05,7245,PROXIMO SPIRITS INC.       
1_HARDERSFIELD_6862,1,6862,Vecchia Romagna Nera Brandy,750mL,1,27.99,27.99,1/19/2016,750,1,0.79,9552,M S WALKER INC             
22_SHARNWICK_16537,22,16537,Root 1 Pnt Nr,750mL,1,11.99,11.99,1/29/2016,750,2,0.11,7153,PINE STATE TRADING CO      
34_PITMERDEN_21277,34,21277,Nicholson Ranch Chard Son Ct,750mL,2,39.98,19.99,1/7/2016,750,2,0.22,4425,MARTIGNETTI COMPANIES
23_ARBINGTON_42886,23,42886,Clos de Los Siete Mendoza,750mL,1,19.99,19.99,1/8/2016,750,2,0.11,4425,MARTIGNETTI COMPANIES
55_DRY GULCH_508,55,508,Bacardi Superior Rum,Liter,2,25.98,12.99,1/23/2016,1000,1,2.1,480,BACARDI USA INC            
67_EANVERNESS_2760,67,2760,Jack Daniels Tennessee Honey,1.75L,3,116.97,38.99,1/24/2016,1750,1,5.51,1128,BROWN-FORMAN CORP          
58_HARTLEPOOL_4368,58,4368,Capt Morgan Private Stock,1.75L,1,33.99,33.99,1/12/2016,1750,1,1.84,3960,DIAGEO NORTH AMERICA INC   
49_GARIGILL_3423,49,3423,Beefeater,1.75L,2,53.98,26.99,1/22/2016,1750,1,3.67,17035,PERNOD RICARD USA          
72_HARDERSFIELD_44038,72,44038,Barefoot Pnt Grigio Cal,1.5L,1,10.99,10.99,1/18/2016,1500,2,0.22,3252,E & J GALLO WINERY         
10_HORNSEY_8102,10,8102,Absolut Mandrin,1.75L,1,24.99,24.99,2/22/2016,1750,1,1.84,17035,PERNOD RICARD USA          
38_GOULCREST_8627,38,8627,Jadot Beaujolais Villages,750mL,2,19.98,9.99,1/7/2016,750,2,0.22,4692,KOBRAND CORPORATION        
19_WINTERVALE_4226,19,4226,Bacardi Superior Rum Trav,750mL,1,13.99,13.99,1/21/2016,750,1,0.79,480,BACARDI USA INC            
11_CARDEND_4678,11,4678,Courvoisier VS Cognac,750mL,1,22.99,22.99,2/27/2016,750,1,0.79,12546,JIM BEAM BRANDS COMPANY    
1_HARDERSFIELD_15035,1,15035,Morellino d Scansano Rsv,750mL,2,21.98,10.99,2/6/2016,750,2,0.22,9165,ULTRA BEVERAGE COMPANY LLP 
67_EANVERNESS_13492,67,13492,Barefoot Cellars Pnt Nr,1.5L,1,10.99,10.99,1/6/2016,1500,2,0.22,3252,E & J GALLO WINERY         
41_LARNWICK_8687,41,8687,Paul Masson Ruby Burgundy,3L,1,9.99,9.99,1/8/2016,3000,2,0.45,1392,CONSTELLATION BRANDS INC   
11_CARDEND_1896,11,1896,The Glenlivet 18 Yr Single,750mL,1,104.99,104.99,1/15/2016,750,1,0.79,17035,PERNOD RICARD USA          
46_TYWARDREATH_5191,46,5191,Fireball Cinnamon Whiskey,375mL,1,9.99,9.99,1/3/2016,375,1,0.39,8004,SAZERAC CO INC             
77_TAMWORTH_38899,77,38899,L Martini Cab Svgn Sonoma,750mL,1,12.99,12.99,1/29/2016,750,2,0.11,3252,E & J GALLO WINERY         
69_MOUNTMEND_7219,69,7219,Herradura Reposado NHSLC,750mL,1,45.99,45.99,1/2/2016,750,2,0.11,1128,BROWN-FORMAN CORP          
25_CAERSHIRE_8166,25,8166,Mount Gay Eclipse,750mL,2,45.98,22.99,1/29/2016,750,1,1.57,7239,REMY COINTREAU USA INC     
17_OLDHAM_33143,17,33143,Our Daily Red,750mL,1,9.99,9.99,1/22/2016,750,2,0.11,7153,PINE STATE TRADING CO      
16_LUNDY_3244,16,3244,Burnetts Vodka,750mL,1,5.79,5.79,1/31/2016,750,1,0.79,3924,HEAVEN HILL DISTILLERIES   
20_BREDWARDINE_40658,20,40658,Lemelson Theas Slctn Pnt Nr,750mL,1,29.99,29.99,1/17/2016,750,2,0.11,90010,VINEXTRA INC               
51_ABERDEEN_3389,51,3389,Seagrams Extra Dry Gin,1.75L,1,16.99,16.99,1/20/2016,1750,1,1.84,17035,PERNOD RICARD USA          
67_EANVERNESS_3238,67,3238,Hendrick's Gin,750mL,1,29.99,29.99,1/16/2016,750,1,0.79,3664,WILLIAM GRANT & SONS INC   
79_BALLYMENA_1366,79,1366,Red Stag by Jim Beam,50mL,1,1.29,1.29,1/5/2016,50,1,0.05,12546,JIM BEAM BRANDS COMPANY    
69_MOUNTMEND_2690,69,2690,Black Velvet Reserve,750mL,3,29.97,9.99,1/17/2016,750,1,2.36,1392,CONSTELLATION BRANDS INC   
34_PITMERDEN_29400,34,29400,Ch D'Arcins Haut Medoc,750mL,1,20.99,20.99,1/28/2016,750,2,0.11,7153,PINE STATE TRADING CO      
41_LARNWICK_3793,41,3793,Pearl Vodka PET,1.75L,1,14.99,14.99,1/31/2016,1750,1,1.84,8352,LUXCO INC                  
2_ASHBORNE_6542,2,6542,Melini Borghi D'Elsa Chiant,750mL,1,6.49,6.49,1/15/2016,750,2,0.11,9744,FREDERICK WILDMAN & SONS   
12_LEESIDE_8822,12,8822,Absolut 80 Proof,50mL,2,3.98,1.99,2/5/2016,50,1,0.1,17035,PERNOD RICARD USA          
73_DONCASTER_2239,73,2239,Rebel Yell American Whisky,750mL,1,20.99,20.99,1/30/2016,750,1,0.79,8352,LUXCO INC                  
15_WANBORNE_15168,15,15168,Durigutti Malbec Mendoza,750mL,1,14.99,14.99,2/14/2016,750,2,0.11,10754,PERFECTA WINES             
49_GARIGILL_16351,49,16351,Girls in the Vineyard Cab S,750mL,3,56.97,18.99,1/4/2016,750,2,0.34,10754,PERFECTA WINES             
73_DONCASTER_46628,73,46628,Paso Creek Cab Svgn,750mL,1,13.99,13.99,1/8/2016,750,2,0.11,1392,CONSTELLATION BRANDS INC   
76_DONCASTER_39413,76,39413,Mirassou Pnt Nr Cntrl Coast,750mL,1,8.99,8.99,1/22/2016,750,2,0.11,3252,E & J GALLO WINERY         
41_LARNWICK_3505,41,3505,Tito's Handmade Vodka,750mL,1,21.99,21.99,1/28/2016,750,1,0.79,4425,MARTIGNETTI COMPANIES
22_SHARNWICK_8202,22,8202,Sambuca Romana,750mL,1,19.99,19.99,1/11/2016,750,1,0.79,3960,DIAGEO NORTH AMERICA INC   
32_MOUNTMEND_8451,32,8451,Cruzan Aged Dark Rum,1.75L,1,16.99,16.99,1/6/2016,1750,1,1.84,12546,JIM BEAM BRANDS COMPANY    
54_GUTHRAM_24592,54,24592,Vendange Cab Svgn,1.5L,1,6.99,6.99,1/1/2016,1500,2,0.22,1392,CONSTELLATION BRANDS INC   
24_PALPERROTH_5587,24,5587,Jose Cuervo Golden Margarita,1.75L,1,17.99,17.99,1/16/2016,1750,1,1.84,7245,PROXIMO SPIRITS INC.       
45_VERITAS_7341,45,7341,Smirnoff Watermelon,50mL,3,2.97,0.99,1/21/2016,50,1,0.16,3960,DIAGEO NORTH AMERICA INC   
66_EANVERNESS_3278,66,3278,Gordons London Dry,750mL,1,7.99,7.99,1/13/2016,750,1,0.79,3960,DIAGEO NORTH AMERICA INC   
70_KELD_33582,70,33582,Villa Cornaro Prosecco Del,750mL,1,9.99,9.99,1/1/2016,750,2,0.11,4425,MARTIGNETTI COMPANIES
10_HORNSEY_21729,10,21729,Santi Pinot Grigio Delle Ve,750mL,1,12.99,12.99,2/17/2016,750,2,0.11,9744,FREDERICK WILDMAN & SONS   
33_HORNSEY_21754,33,21754,Notre Dame Cousignac Blnc 13,750mL,2,19.98,9.99,1/20/2016,750,2,0.22,9165,ULTRA BEVERAGE COMPANY LLP 
25_CAERSHIRE_5734,25,5734,Malibu Rum,1.75L,2,43.98,21.99,1/30/2016,1750,1,3.67,17035,PERNOD RICARD USA          
72_HARDERSFIELD_5101,72,5101,Dr McGillicuddy's Mentholmnt,750mL,1,13.99,13.99,1/17/2016,750,1,0.79,8004,SAZERAC CO INC             
72_HARDERSFIELD_39413,72,39413,Mirassou Pnt Nr Cntrl Coast,750mL,1,8.99,8.99,1/12/2016,750,2,0.11,3252,E & J GALLO WINERY         
24_PALPERROTH_3802,24,3802,Three Olives Vodka,1.75L,1,17.99,17.99,1/31/2016,1750,1,1.84,7245,PROXIMO SPIRITS INC.       
54_GUTHRAM_8781,54,8781,Rodney Strong Cab Svgn,750mL,1,16.99,16.99,1/7/2016,750,2,0.11,4425,MARTIGNETTI COMPANIES
56_BEGGAR'S HOLE_6535,56,6535,Sandeman Tawny Port,750mL,1,11.99,11.99,1/22/2016,750,2,0.11,17035,PERNOD RICARD USA          
1_HARDERSFIELD_39384,1,39384,F Coppola Diamond Pnt Nr,750mL,2,33.98,16.99,1/17/2016,750,2,0.22,2000,SOUTHERN WINE & SPIRITS NE 
10_HORNSEY_2214,10,2214,James E Pepper Bourbon,750mL,1,33.99,33.99,1/24/2016,750,1,0.79,9552,M S WALKER INC             
14_BROMWICH_4227,14,4227,Bacardi Superior Rum Trav,1.75L,12,215.88,17.99,1/17/2016,1750,1,22.05,480,BACARDI USA INC            
9_BLACKPOOL_463,9,463,Kirk & Sweeney 12Yr Old Rum,750mL,1,33.99,33.99,1/2/2016,750,1,0.79,653,STATE WINE & SPIRITS   
72_HARDERSFIELD_5391,72,5391,Kamora Coffee,1.75L,1,15.99,15.99,1/11/2016,1750,1,1.84,12546,JIM BEAM BRANDS COMPANY    
22_SHARNWICK_42678,22,42678,Fish Eye Shiraz,750mL,2,9.98,4.99,1/30/2016,750,2,0.22,9815,WINE GROUP INC             
31_HORNSEY_4817,31,4817,Skyy Infusions TX Grapefruit,750mL,1,15.99,15.99,1/22/2016,750,1,0.79,11567,CAMPARI AMERICA            
66_EANVERNESS_34905,66,34905,Smoking Loon Merlot,750mL,1,9.99,9.99,1/24/2016,750,2,0.11,9552,M S WALKER INC             
56_BEGGAR'S HOLE_31489,56,31489,Barefoot Chard Cal,1.5L,1,10.99,10.99,1/30/2016,1500,2,0.22,3252,E & J GALLO WINERY         
7_STANMORE_22899,7,22899,Simi Svgn Bl,750mL,2,19.98,9.99,1/20/2016,750,2,0.22,1392,CONSTELLATION BRANDS INC   
34_PITMERDEN_3840,34,3840,Smirnoff Raspberry Vodka,1.75L,2,45.98,22.99,1/11/2016,1750,1,3.67,3960,DIAGEO NORTH AMERICA INC   
30_CULCHETH_1346,30,1346,Knob Creek Bourbon,750mL,1,29.99,29.99,1/26/2016,750,1,0.79,12546,JIM BEAM BRANDS COMPANY    
10_HORNSEY_4945,10,4945,Jacquin Ginger Brandy,750mL,1,9.49,9.49,1/15/2016,750,1,0.79,4380,CHARLES JACQUIN ET CIE INC 
49_GARIGILL_7878,49,7878,Allens Coffee Brandy,1.75L,2,31.98,15.99,1/9/2016,1750,1,3.67,9552,M S WALKER INC             
2_ASHBORNE_6349,2,6349,Glen Ellen Chard RSV,1.5L,1,6.99,6.99,1/25/2016,1500,2,0.22,9815,WINE GROUP INC             
75_BARNCOMBE_43043,75,43043,Yellow Tail Rsl,750mL,1,6.99,6.99,1/29/2016,750,2,0.11,4425,MARTIGNETTI COMPANIES
67_EANVERNESS_7898,67,7898,Tooters Mango Smash 15 Pk,375mL,3,29.97,9.99,1/30/2016,375,1,1.18,5270,MANGO BOTTLING INC         
23_ARBINGTON_3609,23,3609,Smirnoff Vanilla Vodka,50mL,3,2.97,0.99,1/4/2016,50,1,0.16,3960,DIAGEO NORTH AMERICA INC   
10_HORNSEY_4135,10,4135,Smirnoff Blueberry Vodka,50mL,14,13.86,0.99,2/6/2016,50,1,0.74,3960,DIAGEO NORTH AMERICA INC   
14_BROMWICH_3089,14,3089,Evan Williams Honey Reserve,750mL,2,19.98,9.99,1/22/2016,750,1,1.57,3924,HEAVEN HILL DISTILLERIES   
67_EANVERNESS_8068,67,8068,Absolut 80 Proof,1.75L,4,103.96,25.99,1/16/2016,1750,1,7.35,17035,PERNOD RICARD USA          
68_SOLARIS_11200,68,11200,Palagetto Vernaccia Gimigano,750mL,11,164.89,14.99,1/19/2016,750,2,1.24,7153,PINE STATE TRADING CO      
77_TAMWORTH_41712,77,41712,Fish Eye Chard,750mL,1,4.99,4.99,1/28/2016,750,2,0.11,9815,WINE GROUP INC             
76_DONCASTER_8078,76,8078,Glenfiddich Special Rsv 12Yr,375mL,2,39.98,19.99,1/6/2016,375,1,0.79,3664,WILLIAM GRANT & SONS INC   
59_CLAETHORPES_5233,59,5233,Cointreau Liqueur,375mL,1,20.99,20.99,1/26/2016,375,1,0.39,7239,REMY COINTREAU USA INC     
24_PALPERROTH_8124,24,8124,Mouton Cadet White Brdx,750mL,2,21.98,10.99,1/16/2016,750,2,0.22,1392,CONSTELLATION BRANDS INC   
73_DONCASTER_6195,73,6195,Korbel Brut,1.5L,1,27.99,27.99,1/26/2016,1500,2,0.22,1128,BROWN-FORMAN CORP          
68_SOLARIS_13661,68,13661,Duckhorn Decoy Pnt Nr,750mL,1,25.99,25.99,1/30/2016,750,2,0.11,4425,MARTIGNETTI COMPANIES
74_PAENTMARWY_1346,74,1346,Knob Creek Bourbon,750mL,2,59.98,29.99,1/16/2016,750,1,1.57,12546,JIM BEAM BRANDS COMPANY    
56_BEGGAR'S HOLE_34904,56,34904,Smoking Loon Chard,750mL,1,9.99,9.99,1/29/2016,750,2,0.11,9552,M S WALKER INC             
62_KILMARNOCK_43873,62,43873,Duckhorn Cab Svgn Napa,750mL,3,215.97,71.99,1/29/2016,750,2,0.34,4425,MARTIGNETTI COMPANIES
27_MOUNTMEND_6535,27,6535,Sandeman Tawny Port,750mL,1,11.99,11.99,1/16/2016,750,2,0.11,17035,PERNOD RICARD USA          
45_VERITAS_29212,45,29212,R Mondavi Merlot Pvt Sel,750mL,1,8.99,8.99,1/22/2016,750,2,0.11,1392,CONSTELLATION BRANDS INC   
60_IRRAGIN_3625,60,3625,Absolut 80 Proof,750mL,3,53.97,17.99,1/26/2016,750,1,2.36,17035,PERNOD RICARD USA          
14_BROMWICH_8671,14,8671,Appleton Est VX Jamaican Rum,750mL,1,19.99,19.99,1/7/2016,750,1,0.79,11567,CAMPARI AMERICA            
42_BLACK HOLLOW_8178,42,8178,Bulleit Bourbon,750mL,1,25.99,25.99,1/13/2016,750,1,0.79,3960,DIAGEO NORTH AMERICA INC   
14_BROMWICH_5491,14,5491,Rumpleminze,50mL,7,13.93,1.99,1/17/2016,50,1,0.37,3960,DIAGEO NORTH AMERICA INC   
33_HORNSEY_1281,33,1281,Benchmark Old #8 Bourbon,1.75L,1,14.99,14.99,1/17/2016,1750,1,1.84,8004,SAZERAC CO INC             
8_ALNERWICK_34947,8,34947,M Chiarlo Moscato D'Asti Ni,375mL,1,11.49,11.49,1/6/2016,375,2,0.06,4692,KOBRAND CORPORATION        
31_HORNSEY_8778,31,8778,Bulleit Bourbon,1.75L,1,49.99,49.99,1/23/2016,1750,1,1.84,3960,DIAGEO NORTH AMERICA INC   
58_HARTLEPOOL_4103,58,4103,Capt Morgan White,750mL,2,29.98,14.99,1/30/2016,750,1,1.57,3960,DIAGEO NORTH AMERICA INC   
55_DRY GULCH_2663,55,2663,Dewars White Label,1.75L,2,79.98,39.99,1/12/2016,1750,1,3.67,480,BACARDI USA INC            
19_WINTERVALE_3427,19,3427,Stolichnaya Blueberi,1.75L,1,25.99,25.99,2/2/2016,1750,1,1.84,8664,"STOLI GROUP,(USA) LLC      "
38_GOULCREST_44921,38,44921,Quinta do Crasto Douro Rd,750mL,1,14.99,14.99,1/29/2016,750,2,0.11,90024,VINILANDIA USA             
66_EANVERNESS_4806,66,4806,Leroux Blackberry Brandy,1.75L,3,44.97,14.99,1/29/2016,1750,1,5.51,12546,JIM BEAM BRANDS COMPANY    
41_LARNWICK_1886,41,1886,Seagrams 7 Crown,750mL,1,10.99,10.99,1/16/2016,750,1,0.79,3960,DIAGEO NORTH AMERICA INC   
66_EANVERNESS_8101,66,8101,Tanqueray,50mL,2,3.98,1.99,1/8/2016,50,1,0.1,3960,DIAGEO NORTH AMERICA INC   
41_LARNWICK_31320,41,31320,La Vieille Ferme Rose Vntoux,750mL,1,8.99,8.99,1/15/2016,750,2,0.11,1587,VINEYARD BRANDS INC        
51_ABERDEEN_3804,51,3804,Svedka Vodka,750mL,1,9.99,9.99,1/5/2016,750,1,0.79,1392,CONSTELLATION BRANDS INC   
1_HARDERSFIELD_21232,1,21232,Barefoot Bubbly Prosecco,750mL,1,9.99,9.99,1/29/2016,750,2,0.11,3252,E & J GALLO WINERY         
58_HARTLEPOOL_8178,58,8178,Bulleit Bourbon,750mL,2,51.98,25.99,1/30/2016,750,1,1.57,3960,DIAGEO NORTH AMERICA INC   
23_ARBINGTON_18562,23,18562,Jewell Towne Vyds So Hampton,750mL,1,11.99,11.99,1/13/2016,750,2,0.11,17032,JEWELL TOWNE VINEYARDS     
54_GUTHRAM_23420,54,23420,Dom D'Andezon CdRhone Red,750mL,1,12.99,12.99,1/27/2016,750,2,0.11,9552,M S WALKER INC             
34_PITMERDEN_4265,34,4265,Capt Morgan Spiced Rum,375mL,3,32.97,10.99,1/28/2016,375,1,1.18,3960,DIAGEO NORTH AMERICA INC   
50_MOUNTMEND_3495,50,3495,Ketel One Citroen Vodka,1.75L,1,38.99,38.99,1/28/2016,1750,1,1.84,3960,DIAGEO NORTH AMERICA INC   
73_DONCASTER_5491,73,5491,Rumpleminze,50mL,6,11.94,1.99,1/16/2016,50,1,0.32,3960,DIAGEO NORTH AMERICA INC   
30_CULCHETH_3896,30,3896,Zhenka Vodka,375mL,1,3.29,3.29,1/24/2016,375,1,0.39,9552,M S WALKER INC             
2_ASHBORNE_5767,2,5767,Jose Cuervo Strawberry Marg,1.75L,1,13.99,13.99,1/23/2016,1750,1,1.84,7245,PROXIMO SPIRITS INC.       
6_GOULCREST_5242,6,5242,Cointreau Liqueur,750mL,1,33.99,33.99,1/10/2016,750,1,0.79,7239,REMY COINTREAU USA INC     
33_HORNSEY_40425,33,40425,Mionetto Prosecco Brut,750mL,1,13.99,13.99,1/24/2016,750,2,0.11,9552,M S WALKER INC             
79_BALLYMENA_5233,79,5233,Cointreau Liqueur,375mL,1,20.99,20.99,1/9/2016,375,1,0.39,7239,REMY COINTREAU USA INC     
73_DONCASTER_10702,73,10702,Kris Pnt Nr delle Venezie,750mL,2,25.98,12.99,1/31/2016,750,2,0.22,2000,SOUTHERN WINE & SPIRITS NE 
75_BARNCOMBE_43872,75,43872,Joseph Carr Cab Svgn Napa,750mL,1,19.99,19.99,1/30/2016,750,2,0.11,4425,MARTIGNETTI COMPANIES
71_CLARCTON_8123,71,8123,Mouton Cadet Red Brdx,750mL,1,10.99,10.99,1/28/2016,750,2,0.11,1392,CONSTELLATION BRANDS INC   
56_BEGGAR'S HOLE_21951,56,21951,Ruffino Aziano Chianti Clsc,750mL,1,12.99,12.99,1/2/2016,750,2,0.11,1392,CONSTELLATION BRANDS INC   
23_ARBINGTON_31200,23,31200,Banfi Rosso di Montalcino,750mL,1,18.99,18.99,1/29/2016,750,2,0.11,516,BANFI PRODUCTS CORP        
21_BALERNO_17041,21,17041,Sutter Home Pink Moscato,1.5L,1,7.95,7.95,1/9/2016,1500,2,0.22,8892,TRINCHERO FAMILY ESTATES   
55_DRY GULCH_29996,55,29996,Wild Horse CC Cab Svgn,750mL,2,33.98,16.99,1/20/2016,750,2,0.22,1392,CONSTELLATION BRANDS INC   
68_SOLARIS_8512,68,8512,Baileys Irish Cream,750mL,2,39.98,19.99,1/10/2016,750,1,1.57,3960,DIAGEO NORTH AMERICA INC   
11_CARDEND_3746,11,3746,Gordons Vodka 80 Proof,1.75L,1,12.99,12.99,2/10/2016,1750,1,1.84,3960,DIAGEO NORTH AMERICA INC   
52_GRAYCOTT_4066,52,4066,Bacardi Oakheart Spiced Rum,1.75L,6,107.94,17.99,1/3/2016,1750,1,11.02,480,BACARDI USA INC            
1_HARDERSFIELD_5111,1,5111,Dr McGillicuddy's Mentholmnt,50mL,3,2.97,0.99,1/5/2016,50,1,0.16,8004,SAZERAC CO INC             
34_PITMERDEN_18585,34,18585,James L'Escargot Svgn Blanc,750mL,2,29.98,14.99,1/7/2016,750,2,0.22,4425,MARTIGNETTI COMPANIES
7_STANMORE_6857,7,6857,Sutter Home Wh Znfdl,1.5L,2,15.9,7.95,1/29/2016,1500,2,0.45,8892,TRINCHERO FAMILY ESTATES   
73_DONCASTER_10874,73,10874,Cantine Maschio Prosecco Brt,750mL,2,21.98,10.99,1/25/2016,750,2,0.22,516,BANFI PRODUCTS CORP        
13_TARMSWORTH_6688,13,6688,Ch St Jean Chard California,750mL,1,8.95,8.95,2/23/2016,750,2,0.11,9819,TREASURY WINE ESTATES      
30_CULCHETH_7978,30,7978,M & R X Dry Vermouth,750mL,1,7.49,7.49,1/9/2016,750,1,0.79,480,BACARDI USA INC            
54_GUTHRAM_3512,54,3512,Pinnacle Vodka,1.75L,3,50.97,16.99,1/20/2016,1750,1,5.51,12546,JIM BEAM BRANDS COMPANY    
64_CESTERFIELD_10609,64,10609,Oyster Bay Chard Marlboro,750mL,1,12.99,12.99,1/30/2016,750,2,0.11,4425,MARTIGNETTI COMPANIES
2_ASHBORNE_1715,2,1715,Ole Smoky Apple Pie Moonshne,750mL,1,18.99,18.99,1/9/2016,750,1,0.79,6359,OLE SMOKY DISTILLERY LLC   
25_CAERSHIRE_3423,25,3423,Beefeater,1.75L,1,26.99,26.99,1/14/2016,1750,1,1.84,17035,PERNOD RICARD USA          
73_DONCASTER_3783,73,3783,Ciroc Apple Vodka,50mL,18,35.82,1.99,1/10/2016,50,1,0.94,3960,DIAGEO NORTH AMERICA INC   
17_OLDHAM_4222,17,4222,Bacardi Gold Rum,750mL,1,13.99,13.99,1/28/2016,750,1,0.79,480,BACARDI USA INC            
56_BEGGAR'S HOLE_1282,56,1282,Small Batch 1792,750mL,1,29.99,29.99,1/16/2016,750,1,0.79,660,SAZERAC NORTH AMERICA INC. 
15_WANBORNE_25186,15,25186,Jadot Ch d Jacques Morgon 11,750mL,3,38.97,12.99,1/9/2016,750,2,0.34,4692,KOBRAND CORPORATION        
15_WANBORNE_24003,15,24003,Corbett Canyon Cab Svgn,1.5L,1,8.99,8.99,2/23/2016,1500,2,0.22,9815,WINE GROUP INC             
32_MOUNTMEND_2432,32,2432,Crown Royal,750mL,1,25.99,25.99,1/27/2016,750,1,0.79,3960,DIAGEO NORTH AMERICA INC   
38_GOULCREST_15917,38,15917,Simply Naked Chard,750mL,1,6.99,6.99,1/21/2016,750,2,0.11,1392,CONSTELLATION BRANDS INC   
16_LUNDY_12147,16,12147,Sterling Vintners CA Meritag,750mL,1,8.99,8.99,2/6/2016,750,2,0.11,1590,DIAGEO CHATEAU ESTATE WINES
71_CLARCTON_3268,71,3268,Pinnacle CranApple Vodka,750mL,1,10.99,10.99,1/26/2016,750,1,0.79,12546,JIM BEAM BRANDS COMPANY    
56_BEGGAR'S HOLE_3219,56,3219,Svedka Grapefruit Jalapeno,50mL,1,0.99,0.99,1/20/2016,50,1,0.05,1392,CONSTELLATION BRANDS INC   
73_DONCASTER_1239,73,1239,Booker's Bourbon,750mL,1,50.99,50.99,1/1/2016,750,1,0.79,12546,JIM BEAM BRANDS COMPANY    
30_CULCHETH_8236,30,8236,Jim Beam,50mL,4,5.96,1.49,1/18/2016,50,1,0.21,12546,JIM BEAM BRANDS COMPANY    
50_MOUNTMEND_7982,50,7982,M & R Sweet Vermouth,750mL,1,7.49,7.49,1/22/2016,750,1,0.79,480,BACARDI USA INC            
16_LUNDY_4246,16,4246,Bacardi Superior Rum,375mL,2,15.98,7.99,1/29/2016,375,1,0.79,480,BACARDI USA INC            
64_CESTERFIELD_3878,64,3878,Smirnoff 80 Proof,750mL,1,10.99,10.99,1/15/2016,750,1,0.79,3960,DIAGEO NORTH AMERICA INC   
50_MOUNTMEND_26530,50,26530,Corbett Canyon Merlot,1.5L,2,13.98,6.99,1/30/2016,1500,2,0.45,9815,WINE GROUP INC             
35_HALIVAARA_8680,35,8680,Crown Royal,1.75L,1,39.99,39.99,1/20/2016,1750,1,1.84,3960,DIAGEO NORTH AMERICA INC   
66_EANVERNESS_3515,66,3515,Skyy Infusions Citrus Vodka,1.75L,1,24.99,24.99,1/28/2016,1750,1,1.84,11567,CAMPARI AMERICA            
15_WANBORNE_36573,15,36573,Matanzas Creek Svgn Bl Sonom,750mL,1,19.99,19.99,2/27/2016,750,2,0.11,9552,M S WALKER INC             
46_TYWARDREATH_23257,46,23257,Jason Stephens Syrah,750mL,1,13.99,13.99,1/11/2016,750,2,0.11,653,STATE WINE & SPIRITS   
33_HORNSEY_2514,33,2514,Bird Dog Peach Whiskey,750mL,2,29.98,14.99,1/9/2016,750,1,1.57,9625,WESTERN SPIRITS BEVERAGE CO
31_HORNSEY_3295,31,3295,Tito's Handmade Vodka,375mL,1,11.99,11.99,1/27/2016,375,1,0.39,4425,MARTIGNETTI COMPANIES
73_DONCASTER_43877,73,43877,Duckhorn Svgn Bl Napa,750mL,1,31.99,31.99,1/9/2016,750,2,0.11,4425,MARTIGNETTI COMPANIES
79_BALLYMENA_2534,79,2534,The Dalmore 12Yr Single Malt,750mL,1,54.99,54.99,1/9/2016,750,1,0.79,3252,E & J GALLO WINERY         
75_BARNCOMBE_1065,75,1065,DiSaronno Cavalli Collection,50mL 3 Pk,1,12.99,12.99,1/8/2016,50,1,0.05,2555,DISARONNO INTERNATIONAL LLC
10_HORNSEY_3607,10,3607,Smirnoff Citrus Vodka,50mL,7,6.93,0.99,2/2/2016,50,1,0.37,3960,DIAGEO NORTH AMERICA INC   
74_PAENTMARWY_8590,74,8590,Arrow Peppermint Schnapps,750mL,1,6.99,6.99,1/24/2016,750,1,0.79,8352,LUXCO INC                  
38_GOULCREST_25522,38,25522,Sutter Home Clsc Cab Svgn,187mL 4 Pk,1,5.99,5.99,1/31/2016,187,2,0.03,8892,TRINCHERO FAMILY ESTATES   
40_BULLMAR_3351,40,3351,Pinnacle Whipped Vodka,1.75L,1,16.99,16.99,1/2/2016,1750,1,1.84,12546,JIM BEAM BRANDS COMPANY    
71_CLARCTON_4066,71,4066,Bacardi Oakheart Spiced Rum,1.75L,1,18.99,18.99,1/31/2016,1750,1,1.84,480,BACARDI USA INC            
10_HORNSEY_2465,10,2465,Crown Royal Mini,50mL,8,23.92,2.99,1/23/2016,50,1,0.42,3960,DIAGEO NORTH AMERICA INC   
6_GOULCREST_3444,6,3444,Hornitos Plata Tequila,1.75L,1,39.99,39.99,1/31/2016,1750,1,1.84,12546,JIM BEAM BRANDS COMPANY    
34_PITMERDEN_1385,34,1385,Makers Mark,750mL,3,80.97,26.99,1/3/2016,750,1,2.36,12546,JIM BEAM BRANDS COMPANY    
34_PITMERDEN_2788,34,2788,Laphroaig 10 Yr Single Malt,750mL,3,119.97,39.99,1/2/2016,750,1,2.36,12546,JIM BEAM BRANDS COMPANY    
73_DONCASTER_2668,73,2668,Dewars White Label,375mL,1,13.99,13.99,1/29/2016,375,1,0.39,480,BACARDI USA INC            
13_TARMSWORTH_5197,13,5197,Southern Comfort,375mL,3,23.97,7.99,1/5/2016,375,1,1.18,1128,BROWN-FORMAN CORP          
78_EASTHAVEN_12213,78,12213,Evodia Garnacha Old Vine,750mL,1,9.99,9.99,1/4/2016,750,2,0.11,9552,M S WALKER INC             
33_HORNSEY_40545,33,40545,Whitehaven Svgn Bl Marlboro,750mL,1,14.99,14.99,1/9/2016,750,2,0.11,3252,E & J GALLO WINERY         
61_AETHELNEY_8203,61,8203,Grand Marnier,50mL,2,5.98,2.99,1/24/2016,50,1,0.1,8112,MOET HENNESSY USA INC      
64_CESTERFIELD_44037,64,44037,Barefoot Pnt Grigio Cal,750mL,1,6.29,6.29,1/16/2016,750,2,0.11,3252,E & J GALLO WINERY         
65_LUTON_29212,65,29212,R Mondavi Merlot Pvt Sel,750mL,1,8.99,8.99,1/13/2016,750,2,0.11,1392,CONSTELLATION BRANDS INC   
69_MOUNTMEND_1955,69,1955,Jack Daniels Tennessee Honey,375mL,2,25.98,12.99,1/15/2016,375,1,0.79,1128,BROWN-FORMAN CORP          
70_KELD_8746,70,8746,Cavit Pinot Grigio,750mL,2,13.98,6.99,1/25/2016,750,2,0.22,6785,PALM BAY INTERNATIONAL INC 
33_HORNSEY_8671,33,8671,Appleton Est VX Jamaican Rum,750mL,1,19.99,19.99,1/21/2016,750,1,0.79,11567,CAMPARI AMERICA            
33_HORNSEY_3609,33,3609,Smirnoff Vanilla Vodka,50mL,3,2.97,0.99,1/12/2016,50,1,0.16,3960,DIAGEO NORTH AMERICA INC   
15_WANBORNE_29835,15,29835,Casal Garcia Vinho Verde Wh,750mL,12,95.88,7.99,1/6/2016,750,2,1.35,4425,MARTIGNETTI COMPANIES
34_PITMERDEN_3243,34,3243,Burnetts Vodka,1.75L,2,24.98,12.49,1/5/2016,1750,1,3.67,3924,HEAVEN HILL DISTILLERIES   
63_SWORDBREAK_1366,63,1366,Red Stag by Jim Beam,50mL,6,7.74,1.29,1/30/2016,50,1,0.32,12546,JIM BEAM BRANDS COMPANY    
22_SHARNWICK_1376,22,1376,Jim Beam,1.75L,2,45.98,22.99,1/24/2016,1750,1,3.67,12546,JIM BEAM BRANDS COMPANY    
39_EASTHALLOW_31465,39,31465,Franzia Tap Chard,5L,1,15.99,15.99,1/12/2016,5000,2,0.75,9815,WINE GROUP INC             
54_GUTHRAM_8590,54,8590,Arrow Peppermint Schnapps,750mL,1,6.99,6.99,1/4/2016,750,1,0.79,8352,LUXCO INC                  
59_CLAETHORPES_1365,59,1365,Stoli Mini Bar 5/50mLs Pack,50mL 5 Pk,1,7.99,7.99,1/23/2016,50,1,0.05,8664,"STOLI GROUP,(USA) LLC      "
15_WANBORNE_3858,15,3858,Grey Goose Vodka,750mL,12,287.88,23.99,1/13/2016,750,1,9.45,480,BACARDI USA INC            
60_IRRAGIN_5410,60,5410,Raspberry di Amore,750mL,1,9.99,9.99,1/22/2016,750,1,0.79,660,SAZERAC NORTH AMERICA INC. 
34_PITMERDEN_3276,34,3276,Gordons London Dry,1.75L,13,194.87,14.99,1/9/2016,1750,1,23.89,3960,DIAGEO NORTH AMERICA INC   
53_HILLFAR_3335,53,3335,Tanqueray Sterling Vodka,750mL,1,10.99,10.99,1/28/2016,750,1,0.79,3960,DIAGEO NORTH AMERICA INC   
46_TYWARDREATH_8623,46,8623,Casamigos Anejo Tequila,50mL,1,2.99,2.99,1/5/2016,50,1,0.05,6213,MHW LTD                    
75_BARNCOMBE_5566,75,5566,Grind Espresso Shot,750mL,5,74.95,14.99,1/15/2016,750,1,3.94,3960,DIAGEO NORTH AMERICA INC   
67_EANVERNESS_6102,67,6102,Midnight Moon Peach,750mL,1,19.99,19.99,1/13/2016,750,1,0.79,9165,ULTRA BEVERAGE COMPANY LLP 
52_GRAYCOTT_8155,52,8155,Black Velvet Plastic,375mL,1,4.99,4.99,1/18/2016,375,1,0.39,1392,CONSTELLATION BRANDS INC   
19_WINTERVALE_1883,19,1883,Seagrams 7 Crown,1.75L,2,35.98,17.99,2/6/2016,1750,1,3.67,3960,DIAGEO NORTH AMERICA INC   
10_HORNSEY_6193,10,6193,Midnight Moon Moonshine,750mL,1,19.99,19.99,1/1/2016,750,1,0.79,9165,ULTRA BEVERAGE COMPANY LLP 
1_HARDERSFIELD_1295,1,1295,Jack Daniels No 7 Black,100mL,2,7.98,3.99,2/17/2016,100,1,0.21,1128,BROWN-FORMAN CORP          
15_WANBORNE_8345,15,8345,R M Woodbridge Cab Svgn Cal,750mL,1,7.99,7.99,2/7/2016,750,2,0.11,1392,CONSTELLATION BRANDS INC   
53_HILLFAR_5713,53,5713,DeKuyper Sour Apple Pucker,1.75L,1,14.99,14.99,1/19/2016,1750,1,1.84,12546,JIM BEAM BRANDS COMPANY    
18_FURNESS_1892,18,1892,Yukon Jack,50mL,3,2.97,0.99,1/4/2016,50,1,0.16,3960,DIAGEO NORTH AMERICA INC   
9_BLACKPOOL_8068,9,8068,Absolut 80 Proof,1.75L,4,103.96,25.99,1/5/2016,1750,1,7.35,17035,PERNOD RICARD USA          
14_BROMWICH_3464,14,3464,UV Blue Raspberry Vodka,1.75L,2,27.98,13.99,1/23/2016,1750,1,3.67,9206,PHILLIPS PRODUCTS CO.      
34_PITMERDEN_3121,34,3121,Pinnacle Rainbow Sherbet,750mL,1,9.99,9.99,1/1/2016,750,1,0.79,12546,JIM BEAM BRANDS COMPANY    
76_DONCASTER_28092,76,28092,Cline Ancient Vin Znfdl,750mL,1,14.99,14.99,1/10/2016,750,2,0.11,4425,MARTIGNETTI COMPANIES
71_CLARCTON_1295,71,1295,Jack Daniels No 7 Black,100mL,2,7.98,3.99,1/23/2016,100,1,0.21,1128,BROWN-FORMAN CORP          
50_MOUNTMEND_15527,50,15527,Roscato Rosso,750mL,11,109.89,9.99,1/30/2016,750,2,1.24,6785,PALM BAY INTERNATIONAL INC 
69_MOUNTMEND_33873,69,33873,Bella Sera Pnt Grigio Del,750mL,1,6.49,6.49,1/9/2016,750,2,0.11,3252,E & J GALLO WINERY         
56_BEGGAR'S HOLE_35976,56,35976,Zeller Schwarze Rsl Valcknbg,750mL,1,9.99,9.99,1/22/2016,750,2,0.11,10754,PERFECTA WINES             
25_CAERSHIRE_5308,25,5308,Paul Masson Red Berry Brandy,50mL,2,1.98,0.99,1/26/2016,50,1,0.1,1392,CONSTELLATION BRANDS INC   
34_PITMERDEN_5031,34,5031,DeKuyper Peppermint Schnapp,1.75L,1,16.99,16.99,1/12/2016,1750,1,1.84,12546,JIM BEAM BRANDS COMPANY    
53_HILLFAR_1232,53,1232,Jack Daniels No 7 Black,750mL,1,22.99,22.99,1/8/2016,750,1,0.79,1128,BROWN-FORMAN CORP          
60_IRRAGIN_1734,60,1734,Duggans Dew O Kirkintilloch,1.75L,1,22.99,22.99,1/13/2016,1750,1,1.84,2496,DUGGANS DISTILLED PRODUCTS 
69_MOUNTMEND_4723,69,4723,Kinky Flame Whisky,50mL,1,0.99,0.99,1/14/2016,50,1,0.05,7153,PINE STATE TRADING CO      
10_HORNSEY_4410,10,4410,Cruzan Mango Flavored Rum,750mL,3,29.97,9.99,2/18/2016,750,1,2.36,12546,JIM BEAM BRANDS COMPANY    
10_HORNSEY_2585,10,2585,Jameson Irish Whiskey,750mL,4,91.96,22.99,2/7/2016,750,1,3.15,17035,PERNOD RICARD USA          
15_WANBORNE_5676,15,5676,Kinky Liqueur,50mL,1,1.99,1.99,1/31/2016,50,1,0.05,7153,PINE STATE TRADING CO      
24_PALPERROTH_14439,24,14439,Barefoot Sweet Red,750mL,2,12.58,6.29,1/6/2016,750,2,0.22,3252,E & J GALLO WINERY         
60_IRRAGIN_5333,60,5333,Jenkins Amaretto,1.75L,1,14.99,14.99,1/13/2016,1750,1,1.84,9552,M S WALKER INC             
19_WINTERVALE_40545,19,40545,Whitehaven Svgn Bl Marlboro,750mL,2,29.98,14.99,1/27/2016,750,2,0.22,3252,E & J GALLO WINERY         
11_CARDEND_1232,11,1232,Jack Daniels No 7 Black,750mL,2,45.98,22.99,2/22/2016,750,1,1.57,1128,BROWN-FORMAN CORP          
74_PAENTMARWY_5805,74,5805,Jose Cuervo Light Margaritas,1.75L,1,13.99,13.99,1/12/2016,1750,1,1.84,7245,PROXIMO SPIRITS INC.       
5_SUTTON_1348,5,1348,Knob Creek Bourbon,375mL,1,15.99,15.99,1/15/2016,375,1,0.39,12546,JIM BEAM BRANDS COMPANY    
50_MOUNTMEND_3727,50,3727,Absolut Citron,50mL,3,5.97,1.99,1/30/2016,50,1,0.16,17035,PERNOD RICARD USA          
10_HORNSEY_3221,10,3221,Pinnacle Raspberry Vodka,750mL,1,12.99,12.99,2/13/2016,750,1,0.79,12546,JIM BEAM BRANDS COMPANY    
14_BROMWICH_4232,14,4232,Castillo Silver Label Rum,Liter,1,8.29,8.29,1/14/2016,1000,1,1.05,480,BACARDI USA INC            
50_MOUNTMEND_7261,50,7261,Gallo X Dry Vermouth,750mL,1,5.49,5.49,1/6/2016,750,2,0.11,3252,E & J GALLO WINERY         
60_IRRAGIN_23271,60,23271,Darkhorse Merlot,750mL,3,23.97,7.99,1/13/2016,750,2,0.34,3252,E & J GALLO WINERY         
39_EASTHALLOW_7293,39,7293,Chi Chi's Skinny Margarita,1.75L,1,8.99,8.99,1/15/2016,1750,1,1.84,660,SAZERAC NORTH AMERICA INC. 
21_BALERNO_20932,21,20932,Frey Vyds Organic Agrul Red,750mL,2,25.98,12.99,1/15/2016,750,2,0.22,10754,PERFECTA WINES             
50_MOUNTMEND_3335,50,3335,Tanqueray Sterling Vodka,750mL,6,65.94,10.99,1/4/2016,750,1,4.72,3960,DIAGEO NORTH AMERICA INC   
54_GUTHRAM_3917,54,3917,Smirnoff Peppermint Twist,50mL,4,3.96,0.99,1/2/2016,50,1,0.21,3960,DIAGEO NORTH AMERICA INC   
21_BALERNO_2668,21,2668,Dewars White Label,375mL,1,13.99,13.99,1/12/2016,375,1,0.39,480,BACARDI USA INC            
51_ABERDEEN_42678,51,42678,Fish Eye Shiraz,750mL,7,34.93,4.99,1/5/2016,750,2,0.79,9815,WINE GROUP INC             
1_HARDERSFIELD_18152,1,18152,Banfi Centine Mntcln Tscna,750mL,1,7.99,7.99,1/11/2016,750,2,0.11,516,BANFI PRODUCTS CORP        
73_DONCASTER_1479,73,1479,Ten High,1.75L,2,24.98,12.49,1/20/2016,1750,1,3.67,660,SAZERAC NORTH AMERICA INC. 
69_MOUNTMEND_31277,69,31277,Landmark Overlook Chard,750mL,2,31.98,15.99,1/6/2016,750,2,0.22,9552,M S WALKER INC             
53_HILLFAR_4157,53,4157,Smirnoff Green Apple Vodka,50mL,3,2.97,0.99,1/1/2016,50,1,0.16,3960,DIAGEO NORTH AMERICA INC   
75_BARNCOMBE_24875,75,24875,Glen Ellen Merlot RSV,1.5L,2,13.98,6.99,1/9/2016,1500,2,0.45,9815,WINE GROUP INC             
64_CESTERFIELD_8361,64,8361,Carlo Rossi Chablis Calif,4L,1,14.99,14.99,1/24/2016,4000,2,0.6,3252,E & J GALLO WINERY         
12_LEESIDE_1637,12,1637,Fleischmanns Preferred,1.75L,3,32.97,10.99,1/20/2016,1750,1,5.51,660,SAZERAC NORTH AMERICA INC. 
60_IRRAGIN_40332,60,40332,Terrazas RSV Malbec Mendoza,750mL,1,12.99,12.99,1/10/2016,750,2,0.11,8112,MOET HENNESSY USA INC      
2_ASHBORNE_8184,2,8184,Kahlua,50mL,2,3.98,1.99,1/5/2016,50,1,0.1,17035,PERNOD RICARD USA          
19_WINTERVALE_11957,19,11957,Souverain Cab Svgn N Cst,750mL,2,23.78,11.89,2/13/2016,750,2,0.22,3252,E & J GALLO WINERY         
34_PITMERDEN_5255,34,5255,TGI Fridays Ultimte Mudslide,1.75L,1,12.99,12.99,1/7/2016,1750,1,1.84,4466,AMERICAN VINTAGE BEVERAGE  
9_BLACKPOOL_19748,9,19748,Clos du Bois Chard,1.5L,2,29.98,14.99,1/31/2016,1500,2,0.45,1392,CONSTELLATION BRANDS INC   
65_LUTON_5445,65,5445,Jagermeister Liqueur,750mL,1,15.99,15.99,1/14/2016,750,1,0.79,3089,SIDNEY FRANK IMPORTING CO  
12_LEESIDE_1366,12,1366,Red Stag by Jim Beam,50mL,4,5.16,1.29,1/8/2016,50,1,0.21,12546,JIM BEAM BRANDS COMPANY    
7_STANMORE_35666,7,35666,Redwood Creek Chard Cal,1.5L,6,59.94,9.99,1/9/2016,1500,2,1.35,3252,E & J GALLO WINERY         
58_HARTLEPOOL_3894,58,3894,Zhenka Vodka 100 Proof,1.75L,1,11.99,11.99,1/2/2016,1750,1,1.84,9552,M S WALKER INC             
50_MOUNTMEND_8203,50,8203,Grand Marnier,50mL,2,5.98,2.99,1/24/2016,50,1,0.1,8112,MOET HENNESSY USA INC      
69_MOUNTMEND_17921,69,17921,Raymond R Field Blend Lot 7,750mL,1,12.99,12.99,1/8/2016,750,2,0.11,4425,MARTIGNETTI COMPANIES
14_BROMWICH_1962,14,1962,Jim Beam Apple,750mL,2,28.98,14.49,2/19/2016,750,1,1.57,12546,JIM BEAM BRANDS COMPANY    
41_LARNWICK_8187,41,8187,Wild Turkey,750mL,1,18.99,18.99,1/29/2016,750,1,0.79,11567,CAMPARI AMERICA            
16_LUNDY_39750,16,39750,Red Diamond Merlot Wash,750mL,1,7.95,7.95,2/19/2016,750,2,0.11,8673,STE MICHELLE WINE ESTATES  
77_TAMWORTH_32796,77,32796,Warre's Otima 10-Yr Tawny,500mL,1,19.99,19.99,1/17/2016,500,2,0.08,1587,VINEYARD BRANDS INC        
66_EANVERNESS_28457,66,28457,Clos Pegase Merlot Napa,750mL,3,53.97,17.99,1/2/2016,750,2,0.34,9165,ULTRA BEVERAGE COMPANY LLP 
66_EANVERNESS_2749,66,2749,John Begg Blue Cap,1.75L,1,16.99,16.99,1/13/2016,1750,1,1.84,3960,DIAGEO NORTH AMERICA INC   
15_WANBORNE_8730,15,8730,Ruffino Orvieto Clsc,750mL,1,7.99,7.99,1/31/2016,750,1,0.79,1392,CONSTELLATION BRANDS INC   
49_GARIGILL_18875,49,18875,Di Padrino Dry Vermouth,1.5L,1,7.99,7.99,1/16/2016,1500,2,0.22,8004,SAZERAC CO INC             
34_PITMERDEN_1379,34,1379,Jim Beam Traveler,750mL,4,57.96,14.49,1/25/2016,750,1,3.15,12546,JIM BEAM BRANDS COMPANY    
17_OLDHAM_6173,17,6173,Gallo Fairbanks Red Port,1.5L,1,7.99,7.99,2/19/2016,1500,2,0.22,3252,E & J GALLO WINERY         
1_HARDERSFIELD_4149,1,4149,Sailor Jerry Spiced Navy Rum,50mL,4,5.96,1.49,1/5/2016,50,1,0.21,3664,WILLIAM GRANT & SONS INC   
73_DONCASTER_1384,73,1384,Bulleit 95 Rye,750mL,3,77.97,25.99,1/12/2016,750,1,2.36,3960,DIAGEO NORTH AMERICA INC   
41_LARNWICK_8498,41,8498,R M Woodbridge Svgn Bl Cal,1.5L,2,27.98,13.99,1/16/2016,1500,2,0.45,1392,CONSTELLATION BRANDS INC   
69_MOUNTMEND_46476,69,46476,Tilia Malbec Mendoza,750mL,2,19.98,9.99,1/18/2016,750,2,0.22,9552,M S WALKER INC             
75_BARNCOMBE_16794,75,16794,Freakshow Cab Svgn,750mL,1,18.99,18.99,1/6/2016,750,2,0.11,4425,MARTIGNETTI COMPANIES
60_IRRAGIN_2183,60,2183,McClelland Highland Single,750mL,3,56.97,18.99,1/15/2016,750,1,2.36,12546,JIM BEAM BRANDS COMPANY    
7_STANMORE_5828,7,5828,Ryans Irish Cream,750mL,1,10.99,10.99,1/4/2016,750,1,0.79,8004,SAZERAC CO INC             
38_GOULCREST_1226,38,1226,Lexington Bourbon,750mL,1,27.99,27.99,1/16/2016,750,1,0.79,9625,WESTERN SPIRITS BEVERAGE CO
76_DONCASTER_34903,76,34903,Smoking Loon Cab Svgn,750mL,1,9.99,9.99,1/8/2016,750,2,0.11,9552,M S WALKER INC             
51_ABERDEEN_885,51,885,Arrow Apricot Brandy,750mL,12,95.88,7.99,1/17/2016,750,1,9.45,8352,LUXCO INC                  
59_CLAETHORPES_2752,59,2752,Johnnie Walker Black Label,750mL,1,34.99,34.99,1/16/2016,750,1,0.79,3960,DIAGEO NORTH AMERICA INC   
19_WINTERVALE_18593,19,18593,Barefoot Bubbly Red Moscato,750mL,1,9.99,9.99,1/15/2016,750,2,0.11,3252,E & J GALLO WINERY         
18_FURNESS_46023,18,46023,Spellbound Petite Sirah Cal,750mL,1,11.99,11.99,2/22/2016,750,2,0.11,9165,ULTRA BEVERAGE COMPANY LLP 
15_WANBORNE_3918,15,3918,Cabo Wabo Anejo Tequila,750mL,1,42.99,42.99,1/2/2016,750,1,0.79,11567,CAMPARI AMERICA            
33_HORNSEY_5739,33,5739,Malibu Rum,50mL,5,9.95,1.99,1/30/2016,50,1,0.26,17035,PERNOD RICARD USA          
66_EANVERNESS_28081,66,28081,Gandia Hoya de Cadenas RSV,750mL,1,8.99,8.99,1/12/2016,750,2,0.11,7153,PINE STATE TRADING CO      
10_HORNSEY_15527,10,15527,Roscato Rosso,750mL,1,10.99,10.99,2/15/2016,750,2,0.11,6785,PALM BAY INTERNATIONAL INC 
43_WOLFORD_3859,43,3859,Smirnoff 80 Proof,375mL,1,8.99,8.99,1/2/2016,375,1,0.39,3960,DIAGEO NORTH AMERICA INC   
33_HORNSEY_4903,33,4903,Bacardi Superior Rum,200mL,1,3.99,3.99,1/18/2016,200,1,0.21,480,BACARDI USA INC            
10_HORNSEY_6585,10,6585,Kijafa Cherry,750mL,1,7.99,7.99,1/19/2016,750,2,0.11,6213,MHW LTD                    
32_MOUNTMEND_6349,32,6349,Glen Ellen Chard RSV,1.5L,3,20.97,6.99,1/13/2016,1500,2,0.68,9815,WINE GROUP INC             
34_PITMERDEN_1734,34,1734,Duggans Dew O Kirkintilloch,1.75L,1,22.99,22.99,1/16/2016,1750,1,1.84,2496,DUGGANS DISTILLED PRODUCTS 
69_MOUNTMEND_18027,69,18027,Banfi Rosa Regale,750mL,18,251.82,13.99,1/2/2016,750,2,2.02,516,BANFI PRODUCTS CORP        
64_CESTERFIELD_41212,64,41212,A to Z Pnt Gris Ore,750mL,2,31.98,15.99,1/16/2016,750,2,0.22,9165,ULTRA BEVERAGE COMPANY LLP 
72_HARDERSFIELD_8504,72,8504,R M Woodbridge Cab Svgn Cal,1.5L,2,27.98,13.99,1/9/2016,1500,2,0.45,1392,CONSTELLATION BRANDS INC   
24_PALPERROTH_5337,24,5337,Drambuie,750mL,1,26.99,26.99,1/22/2016,750,1,0.79,3664,WILLIAM GRANT & SONS INC   
1_HARDERSFIELD_35103,1,35103,Ruffino Chianti Superiore,750mL,1,9.99,9.99,1/16/2016,750,2,0.11,1392,CONSTELLATION BRANDS INC   
78_EASTHAVEN_3503,78,3503,Smirnoff Sorbet Rasp/Pomegra,750mL,1,10.99,10.99,1/15/2016,750,1,0.79,3960,DIAGEO NORTH AMERICA INC   
21_BALERNO_23464,21,23464,Kendall Jackson Pnt Gris VR,750mL,1,13.99,13.99,1/15/2016,750,2,0.11,10000,MAJESTIC FINE WINES        
59_CLAETHORPES_8680,59,8680,Crown Royal,1.75L,5,199.95,39.99,1/11/2016,1750,1,9.19,3960,DIAGEO NORTH AMERICA INC   
54_GUTHRAM_31558,54,31558,J Lohr Los Osos Merlot,750mL,2,27.98,13.99,1/2/2016,750,2,0.22,4425,MARTIGNETTI COMPANIES
42_BLACK HOLLOW_23143,42,23143,Bogle Chard,750mL,1,7.99,7.99,1/3/2016,750,2,0.11,4425,MARTIGNETTI COMPANIES
27_MOUNTMEND_18106,27,18106,Barefoot Cellars Pink Moscat,1.5L,2,21.98,10.99,1/30/2016,1500,2,0.45,3252,E & J GALLO WINERY         
76_DONCASTER_7715,76,7715,Andre Extra Dry,750mL,8,47.92,5.99,1/31/2016,750,2,0.9,3252,E & J GALLO WINERY         
9_BLACKPOOL_36371,9,36371,McWilliams Hanwood Shiraz,750mL,1,11.99,11.99,1/8/2016,750,2,0.11,9552,M S WALKER INC             
12_LEESIDE_18010,12,18010,Cocobon Red,750mL,6,35.94,5.99,1/30/2016,750,2,0.68,9815,WINE GROUP INC             
41_LARNWICK_2753,41,2753,Johnnie Walker Black Label,1.75L,1,69.99,69.99,1/27/2016,1750,1,1.84,3960,DIAGEO NORTH AMERICA INC   
66_EANVERNESS_2717,66,2717,Big Peat Scotch,750mL,1,58.99,58.99,1/24/2016,750,1,0.79,4425,MARTIGNETTI COMPANIES
50_MOUNTMEND_33148,50,33148,Alamos Ridge Chard Mendoza,750mL,1,9.99,9.99,1/17/2016,750,2,0.11,3252,E & J GALLO WINERY         
79_BALLYMENA_32508,79,32508,C Krug Merlot Napa,750mL,1,21.99,21.99,1/15/2016,750,2,0.11,2000,SOUTHERN WINE & SPIRITS NE 
46_TYWARDREATH_18013,46,18013,Cecchi Sangiovese,750mL,4,27.96,6.99,1/29/2016,750,2,0.45,9165,ULTRA BEVERAGE COMPANY LLP 
14_BROMWICH_36378,14,36378,MezzaCorona Pnt Grigio,1.5L,5,54.95,10.99,1/30/2016,1500,2,1.12,9165,ULTRA BEVERAGE COMPANY LLP 
8_ALNERWICK_5627,8,5627,Flag Hill Sugar Maple Liquer,375mL,1,18.99,18.99,1/15/2016,375,1,0.39,17031,FLAG HILL WINERY & VINEYARD
